Workbook
Name jphalak: '[1]Dist. Rate'!$F$56
Name jphalak: '[2]Dist. Rate'!$F$56
Name mason: '[3]update Rate'!$F$6
Name sand: [4]District_Rate!$D$99

Sheet cover
A1: GOVERNMENT OF NEPAL
A2: RAINAS MUNICIPALITY
A3: OFFICE OF THE MUNICIPAL EXECUTIVE
A4: TINPIPLE,LAMJUNG
A13: RATE ANALYSIS
A14: [Civil Works ]
A36: DUDBC NORMS
A37: FISCAL YEAR : 2082/083

Sheet Summary
A1: =cover!A2 -> RAINAS MUNICIPALITY
A2: =cover!A3 -> OFFICE OF THE MUNICIPAL EXECUTIVE
A3: =cover!A4 -> TINPIPLE,LAMJUNG
A5: SUMMARY OF CIVIL RATE ANALYSIS
E6: F / Y : 2082/083
A7: S. No. | B7: N.C.N. | C7: DESCRIPTION OF WORKS | D7: UNIT | E7: RATE
E8: Dept | F8: Contract
C9: A - SITE PREPARATION WORK
A10: ='Rate Analysis'!A3 -> 1.01 | B10: =LOOKUP(A10,'Rate Analysis'!$A$3:$A$4887,'Rate Analysis'!$B$3:$B$4887) -> A1 (1-1A) | C10: =LOOKUP(A10,'Rate Analysis'!$A$3:$A$4887,'Rate Analysis'!$C$3:$C$4887) -> Cutting of tree, branch & log etc. (12-30 cm. girth above 1.00 mtr. From G.L.) with lead upto 15 mtr. | D10: =LOOKUP(A10,'Rate Analysis'!$A$3:$A$4887,'Rate Analysis'!$F$3:$F$4887) -> Nos. | E10: =LOOKUP(A10,'Rate Analysis'!$A$3:$A$4887,'Rate Analysis'!$G$3:$G$4887) -> 113.1 | F10: =LOOKUP(A10,'Rate Analysis'!$A$3:$A$4887,'Rate Analysis'!$H$3:$H$4887) -> 130.06
A11: ='Rate Analysis'!A11 -> 1.02 | B11: =LOOKUP(A11,'Rate Analysis'!$A$3:$A$4887,'Rate Analysis'!$B$3:$B$4887) -> A1 (1-1B) | C11: =LOOKUP(A11,'Rate Analysis'!$A$3:$A$4887,'Rate Analysis'!$C$3:$C$4887) -> Cutting of tree, branch & log etc. (31-60 cm. girth above 1.00 mtr. From G.L.) with lead upto 15 mtr. | D11: =LOOKUP(A11,'Rate Analysis'!$A$3:$A$4887,'Rate Analysis'!$F$3:$F$4887) -> Nos. | E11: =LOOKUP(A11,'Rate Analysis'!$A$3:$A$4887,'Rate Analysis'!$G$3:$G$4887) -> 339.3 | F11: =LOOKUP(A11,'Rate Analysis'!$A$3:$A$4887,'Rate Analysis'!$H$3:$H$4887) -> 390.19
A12: ='Rate Analysis'!A18 -> 1.03 | B12: =LOOKUP(A12,'Rate Analysis'!$A$3:$A$4887,'Rate Analysis'!$B$3:$B$4887) -> A1 (1-1C) | C12: =LOOKUP(A12,'Rate Analysis'!$A$3:$A$4887,'Rate Analysis'!$C$3:$C$4887) -> Cutting of tree, branch & log etc. (61-120 cm. girth above 1.00 mtr. From G.L.) with lead upto 15 mtr. | D12: =LOOKUP(A12,'Rate Analysis'!$A$3:$A$4887,'Rate Analysis'!$F$3:$F$4887) -> Nos. | E12: =LOOKUP(A12,'Rate Analysis'!$A$3:$A$4887,'Rate Analysis'!$G$3:$G$4887) -> 852.6 | F12: =LOOKUP(A12,'Rate Analysis'!$A$3:$A$4887,'Rate Analysis'!$H$3:$H$4887) -> 980.49
A13: ='Rate Analysis'!A25 -> 1.04 | B13: =LOOKUP(A13,'Rate Analysis'!$A$3:$A$4887,'Rate Analysis'!$B$3:$B$4887) -> A2 (1-2A) | C13: =LOOKUP(A13,'Rate Analysis'!$A$3:$A$4887,'Rate Analysis'!$C$3:$C$4887) -> Removing of tree root (12-30 cm. girth above 1.00 mtr. From G.L.) with lead upto 15 mtr. | D13: =LOOKUP(A13,'Rate Analysis'!$A$3:$A$4887,'Rate Analysis'!$F$3:$F$4887) -> Nos. | E13: =LOOKUP(A13,'Rate Analysis'!$A$3:$A$4887,'Rate Analysis'!$G$3:$G$4887) -> 348 | F13: =LOOKUP(A13,'Rate Analysis'!$A$3:$A$4887,'Rate Analysis'!$H$3:$H$4887) -> 400.2
A14: ='Rate Analysis'!A32 -> 1.05 | B14: =LOOKUP(A14,'Rate Analysis'!$A$3:$A$4887,'Rate Analysis'!$B$3:$B$4887) -> A2 (1-2B) | C14: =LOOKUP(A14,'Rate Analysis'!$A$3:$A$4887,'Rate Analysis'!$C$3:$C$4887) -> Removing of tree root (31-60 cm. girth above 1.00 mtr. From G.L.) with lead upto 15 mtr. | D14: =LOOKUP(A14,'Rate Analysis'!$A$3:$A$4887,'Rate Analysis'!$F$3:$F$4887) -> Nos. | E14: =LOOKUP(A14,'Rate Analysis'!$A$3:$A$4887,'Rate Analysis'!$G$3:$G$4887) -> 376.3 | F14: =LOOKUP(A14,'Rate Analysis'!$A$3:$A$4887,'Rate Analysis'!$H$3:$H$4887) -> 432.74
A15: ='Rate Analysis'!A39 -> 1.06 | B15: =LOOKUP(A15,'Rate Analysis'!$A$3:$A$4887,'Rate Analysis'!$B$3:$B$4887) -> A2 (1-2C) | C15: =LOOKUP(A15,'Rate Analysis'!$A$3:$A$4887,'Rate Analysis'!$C$3:$C$4887) -> Removing of tree root (61-120 cm. girth above 1.00 mtr. From G.L.) with lead upto 15 mtr. | D15: =LOOKUP(A15,'Rate Analysis'!$A$3:$A$4887,'Rate Analysis'!$F$3:$F$4887) -> Nos. | E15: =LOOKUP(A15,'Rate Analysis'!$A$3:$A$4887,'Rate Analysis'!$G$3:$G$4887) -> 2192.4 | F15: =LOOKUP(A15,'Rate Analysis'!$A$3:$A$4887,'Rate Analysis'!$H$3:$H$4887) -> 2521.26
A16: ='Rate Analysis'!A47 -> 1.07 | B16: =LOOKUP(A16,'Rate Analysis'!$A$3:$A$4887,'Rate Analysis'!$B$3:$B$4887) -> A3 | C16: =LOOKUP(A16,'Rate Analysis'!$A$3:$A$4887,'Rate Analysis'!$C$3:$C$4887) -> Cutting of grass, taking of root & cutting of raised soil & site leveling with all complete | D16: =LOOKUP(A16,'Rate Analysis'!$A$3:$A$4887,'Rate Analysis'!$F$3:$F$4887) -> Sqm. | E16: =LOOKUP(A16,'Rate Analysis'!$A$3:$A$4887,'Rate Analysis'!$G$3:$G$4887) -> 20.01 | F16: =LOOKUP(A16,'Rate Analysis'!$A$3:$A$4887,'Rate Analysis'!$H$3:$H$4887) -> 23.01
A17: ='Rate Analysis'!A55 -> 1.08 | B17: =LOOKUP(A17,'Rate Analysis'!$A$3:$A$4887,'Rate Analysis'!$B$3:$B$4887) -> A4 | C17: =LOOKUP(A17,'Rate Analysis'!$A$3:$A$4887,'Rate Analysis'!$C$3:$C$4887) -> Site Clearence cutting& removing the herbs, levelling the surface ETC before the construction work as per instruction & specification complete work | D17: =LOOKUP(A17,'Rate Analysis'!$A$3:$A$4887,'Rate Analysis'!$F$3:$F$4887) -> sqm. | E17: =LOOKUP(A17,'Rate Analysis'!$A$3:$A$4887,'Rate Analysis'!$G$3:$G$4887) -> 8.7 | F17: =LOOKUP(A17,'Rate Analysis'!$A$3:$A$4887,'Rate Analysis'!$H$3:$H$4887) -> 10
C19: B - EARTH & SAND WORK
A20: ='Rate Analysis'!A78 -> 2.01 | B20: =LOOKUP(A20,'Rate Analysis'!$A$3:$A$4887,'Rate Analysis'!$B$3:$B$4887) -> B1 (2-1) | C20: =LOOKUP(A20,'Rate Analysis'!$A$3:$A$4887,'Rate Analysis'!$C$3:$C$4887) -> Earthwork in excavation in medium type soils in foundation including 10m hauling distance and 1.5 m. lift manually all complete in approval of site engineer. | D20: =LOOKUP(A20,'Rate Analysis'!$A$3:$A$4887,'Rate Analysis'!$F$3:$F$4887) -> Cum. | E20: =LOOKUP(A20,'Rate Analysis'!$A$3:$A$4887,'Rate Analysis'!$G$3:$G$4887) -> 627.27 | F20: =LOOKUP(A20,'Rate Analysis'!$A$3:$A$4887,'Rate Analysis'!$H$3:$H$4887) -> 721.36
A21: ='Rate Analysis'!A86 -> 2.02 | B21: =LOOKUP(A21,'Rate Analysis'!$A$3:$A$4887,'Rate Analysis'!$B$3:$B$4887) -> B1 (2-2) | C21: =LOOKUP(A21,'Rate Analysis'!$A$3:$A$4887,'Rate Analysis'!$C$3:$C$4887) -> Earthwork in excavation in gravel type soils in foundation including 10m hauling distance and 1.5 m. lift manually all complete in approval of site engineer. | D21: =LOOKUP(A21,'Rate Analysis'!$A$3:$A$4887,'Rate Analysis'!$F$3:$F$4887) -> Cum. | E21: =LOOKUP(A21,'Rate Analysis'!$A$3:$A$4887,'Rate Analysis'!$G$3:$G$4887) -> 716.88 | F21: =LOOKUP(A21,'Rate Analysis'!$A$3:$A$4887,'Rate Analysis'!$H$3:$H$4887) -> 824.41
A22: ='Rate Analysis'!A95 -> 2.03 | B22: =LOOKUP(A22,'Rate Analysis'!$A$3:$A$4887,'Rate Analysis'!$B$3:$B$4887) -> B2 (2-25A) | C22: =LOOKUP(A22,'Rate Analysis'!$A$3:$A$4887,'Rate Analysis'!$C$3:$C$4887) -> Earth filling work in every 15-15 cm. layer with watering & lead upto 1o.00 mtr. & proper manual compaction. | D22: =LOOKUP(A22,'Rate Analysis'!$A$3:$A$4887,'Rate Analysis'!$F$3:$F$4887) -> Cum. | E22: =LOOKUP(A22,'Rate Analysis'!$A$3:$A$4887,'Rate Analysis'!$G$3:$G$4887) -> 435 | F22: =LOOKUP(A22,'Rate Analysis'!$A$3:$A$4887,'Rate Analysis'!$H$3:$H$4887) -> 500.25
A23: ='Rate Analysis'!A103 -> 2.04 | B23: =LOOKUP(A23,'Rate Analysis'!$A$3:$A$4887,'Rate Analysis'!$B$3:$B$4887) -> B2 (2-25A) | C23: =LOOKUP(A23,'Rate Analysis'!$A$3:$A$4887,'Rate Analysis'!$C$3:$C$4887) -> Earth filling (Earth transported from 5 Km. surrounding) work in every 15-15 cm. layer with watering & proper manual compaction. | D23: =LOOKUP(A23,'Rate Analysis'!$A$3:$A$4887,'Rate Analysis'!$F$3:$F$4887) -> Cum. | E23: =LOOKUP(A23,'Rate Analysis'!$A$3:$A$4887,'Rate Analysis'!$G$3:$G$4887) -> 1035 | F23: =LOOKUP(A23,'Rate Analysis'!$A$3:$A$4887,'Rate Analysis'!$H$3:$H$4887) -> 1190.25
A24: ='Rate Analysis'!A112 -> 2.05 | B24: =LOOKUP(A24,'Rate Analysis'!$A$3:$A$4887,'Rate Analysis'!$B$3:$B$4887) -> B2 (2-25B) | C24: =LOOKUP(A24,'Rate Analysis'!$A$3:$A$4887,'Rate Analysis'!$C$3:$C$4887) -> Earth filling work in every 15-15 cm. layer without watering & proper manual compaction. | D24: =LOOKUP(A24,'Rate Analysis'!$A$3:$A$4887,'Rate Analysis'!$F$3:$F$4887) -> Cum. | E24: =LOOKUP(A24,'Rate Analysis'!$A$3:$A$4887,'Rate Analysis'!$G$3:$G$4887) -> 217.5 | F24: =LOOKUP(A24,'Rate Analysis'!$A$3:$A$4887,'Rate Analysis'!$H$3:$H$4887) -> 250.12
A25: ='Rate Analysis'!A119 -> 2.06 | B25: =LOOKUP(A25,'Rate Analysis'!$A$3:$A$4887,'Rate Analysis'!$B$3:$B$4887) -> B2 (2-25B) | C25: =LOOKUP(A25,'Rate Analysis'!$A$3:$A$4887,'Rate Analysis'!$C$3:$C$4887) -> Earth filling (Earth transported from 5 Km. surrounding) work in every 15-15 cm. layer without watering & proper manual compaction. | D25: =LOOKUP(A25,'Rate Analysis'!$A$3:$A$4887,'Rate Analysis'!$F$3:$F$4887) -> Cum. | E25: =LOOKUP(A25,'Rate Analysis'!$A$3:$A$4887,'Rate Analysis'!$G$3:$G$4887) -> 737.5 | F25: =LOOKUP(A25,'Rate Analysis'!$A$3:$A$4887,'Rate Analysis'!$H$3:$H$4887) -> 848.12
A26: ='Rate Analysis'!A127 -> 2.07 | B26: =LOOKUP(A26,'Rate Analysis'!$A$3:$A$4887,'Rate Analysis'!$B$3:$B$4887) -> B3 (2-42A) | C26: =LOOKUP(A26,'Rate Analysis'!$A$3:$A$4887,'Rate Analysis'!$C$3:$C$4887) -> Sand filling work with watering & proper manual compaction. | D26: =LOOKUP(A26,'Rate Analysis'!$A$3:$A$4887,'Rate Analysis'!$F$3:$F$4887) -> Cum. | E26: =LOOKUP(A26,'Rate Analysis'!$A$3:$A$4887,'Rate Analysis'!$G$3:$G$4887) -> 3029 | F26: =LOOKUP(A26,'Rate Analysis'!$A$3:$A$4887,'Rate Analysis'!$H$3:$H$4887) -> 3483.35
A27: ='Rate Analysis'!A136 -> 2.08 | B27: =LOOKUP(A27,'Rate Analysis'!$A$3:$A$4887,'Rate Analysis'!$B$3:$B$4887) -> B3 (2-42B) | C27: =LOOKUP(A27,'Rate Analysis'!$A$3:$A$4887,'Rate Analysis'!$C$3:$C$4887) -> Gravel Sand mixed (agg-50% + sand 50%) filling work with proper manual compaction. | D27: =LOOKUP(A27,'Rate Analysis'!$A$3:$A$4887,'Rate Analysis'!$F$3:$F$4887) -> Cum. | E27: =LOOKUP(A27,'Rate Analysis'!$A$3:$A$4887,'Rate Analysis'!$G$3:$G$4887) -> 2225.5 | F27: =LOOKUP(A27,'Rate Analysis'!$A$3:$A$4887,'Rate Analysis'!$H$3:$H$4887) -> 2559.32
A28: ='Rate Analysis'!A151 -> 2.09 | B28: =LOOKUP(A28,'Rate Analysis'!$A$3:$A$4887,'Rate Analysis'!$B$3:$B$4887) -> B4 (2-34) | C28: =LOOKUP(A28,'Rate Analysis'!$A$3:$A$4887,'Rate Analysis'!$C$3:$C$4887) -> Pumping of water from foundation or trench | D28: =LOOKUP(A28,'Rate Analysis'!$A$3:$A$4887,'Rate Analysis'!$F$3:$F$4887) -> Hrs | E28: ='Rate Analysis'!G151 -> 50.714 | F28: =E28*1.15 -> 58.3211
A29: ='Rate Analysis'!A158 -> 2.11 | B29: =LOOKUP(A29,[5]Analysis!$A$3:$A$6312,[5]Analysis!$B$3:$B$6312) -> B5 | C29: =LOOKUP(A29,[5]Analysis!$A$3:$A$6312,[5]Analysis!$C$3:$C$6312) -> Compaction of filled earth by 8-10 M.T. roller in 20/20 cm layer | D29: =LOOKUP(A29,[5]Analysis!$A$3:$A$6312,[5]Analysis!$F$3:$F$6312) -> Cum. | E29: ='Rate Analysis'!G158 -> 26.18 | F29: ='Rate Analysis'!H158 -> 30.11
A30: ='Rate Analysis'!A164 -> 2.12 | B30: =LOOKUP(A30,[5]Analysis!$A$3:$A$6312,[5]Analysis!$B$3:$B$6312) -> B5 | C30: =LOOKUP(A30,[5]Analysis!$A$3:$A$6312,[5]Analysis!$C$3:$C$6312) -> Compaction of filled earth by 1.00 M.T. Hand roller in 20/20 cm layer | D30: =LOOKUP(A30,[5]Analysis!$A$3:$A$6312,[5]Analysis!$F$3:$F$6312) -> Cum. | E30: ='Rate Analysis'!G164 -> 5.01 | F30: ='Rate Analysis'!H164 -> 5.76
A31: ='Rate Analysis'!A172 -> 2.13 | B31: =LOOKUP(A31,[5]Analysis!$A$3:$A$6312,[5]Analysis!$B$3:$B$6312) -> B7 | C31: =LOOKUP(A31,[5]Analysis!$A$3:$A$6312,[5]Analysis!$C$3:$C$6312) -> Earth work excavation in foundation in SOFT SOIL(USED 0.80 CUM. CAPACITY HYDROLIC EXCAVATOR) | D31: =LOOKUP(A31,[5]Analysis!$A$3:$A$6312,[5]Analysis!$F$3:$F$6312) -> Cum. | E31: ='Rate Analysis'!G172 -> 41.65 | F31: ='Rate Analysis'!H172 -> 47.89
A32: ='Rate Analysis'!A180 -> 2.14 | B32: =LOOKUP(A32,[5]Analysis!$A$3:$A$6312,[5]Analysis!$B$3:$B$6312) -> B7 | C32: =LOOKUP(A32,[5]Analysis!$A$3:$A$6312,[5]Analysis!$C$3:$C$6312) -> Earth work excavation in foundation in HARD SOIL USED 0.80 CUM. CAPACITY HYDROLIC EXCAVATOR) | D32: =LOOKUP(A32,[5]Analysis!$A$3:$A$6312,[5]Analysis!$F$3:$F$6312) -> Cum. | E32: ='Rate Analysis'!G180 -> 50.06 | F32: ='Rate Analysis'!H180 -> 57.56
A33: ='Rate Analysis'!A188 -> 2.15 | B33: =LOOKUP(A33,[5]Analysis!$A$3:$A$6312,[5]Analysis!$B$3:$B$6312) -> B7 | C33: =LOOKUP(A33,[5]Analysis!$A$3:$A$6312,[5]Analysis!$C$3:$C$6312) -> Earth work excavation in foundation in HARD SOIL USED 0.80 CUM. CAPACITY HYDROLIC EXCAVATOR) | D33: =LOOKUP(A33,[5]Analysis!$A$3:$A$6312,[5]Analysis!$F$3:$F$6312) -> Cum. | E33: ='Rate Analysis'!G188 -> 50.06 | F33: ='Rate Analysis'!H188 -> 57.56
A34: ='Rate Analysis'!A196 -> 2.16 | B34: =LOOKUP(A34,[5]Analysis!$A$3:$A$6312,[5]Analysis!$B$3:$B$6312) -> B7 | C34: =LOOKUP(A34,[5]Analysis!$A$3:$A$6312,[5]Analysis!$C$3:$C$6312) -> Earth work excavation in foundation in SOFT SOILUsed 1.32Cum capecity hydrolic excavator | D34: =LOOKUP(A34,[5]Analysis!$A$3:$A$6312,[5]Analysis!$F$3:$F$6312) -> Cum. | E34: ='Rate Analysis'!G196 -> 27.63 | F34: ='Rate Analysis'!H196 -> 31.77
A35: ='Rate Analysis'!A204 -> 2.17 | B35: ='Rate Analysis'!B204 -> B7 | C35: ='Rate Analysis'!C204 -> Earth work excavation in foundation in HARD SOIL Used 1.32Cum capecity Hydraulic excavator | D35: ='Rate Analysis'!F204 -> Cum. | E35: ='Rate Analysis'!G204 -> 33.64 | F35: ='Rate Analysis'!H204 -> 38.68
C36: C - MASONRY WORK
A37: ='Rate Analysis'!A213 -> 3.01 | B37: =LOOKUP(A37,'Rate Analysis'!$A$3:$A$4887,'Rate Analysis'!$B$3:$B$4887) -> C2(5-1-B1 & 5-2A) | C37: Good quality local chimney made Brickwork in 1:3 Cement : sand mortar up to Ground floor in perfect line level finish including supply of materials, wetting the bricks, racking the joints and curing the work for at least 7 days all complete as per approved drawing, Specification and instruction of site engineer. | D37: =LOOKUP(A37,'Rate Analysis'!$A$3:$A$4887,'Rate Analysis'!$F$3:$F$4887) -> Cum. | E37: =LOOKUP(A37,'Rate Analysis'!$A$3:$A$4887,'Rate Analysis'!$G$3:$G$4887) -> 13587.22 | F37: =LOOKUP(A37,'Rate Analysis'!$A$3:$A$4887,'Rate Analysis'!$H$3:$H$4887) -> 15625.3
A38: ='Rate Analysis'!A227 -> 3.02 | B38: =LOOKUP(A38,'Rate Analysis'!$A$3:$A$4887,'Rate Analysis'!$B$3:$B$4887) -> C2(5-1-B1 & 5-2B) | C38: Good quality local chimney made Brickwork in 1:3 Cement : sand mortar up to FIRST floor in perfect line level finish including supply of materials, wetting the bricks, racking the joints and curing the work for at least 7 days all complete as per approved drawing, Specification and instruction of site engineer. | D38: =LOOKUP(A38,'Rate Analysis'!$A$3:$A$4887,'Rate Analysis'!$F$3:$F$4887) -> Cum. | E38: =LOOKUP(A38,'Rate Analysis'!$A$3:$A$4887,'Rate Analysis'!$G$3:$G$4887) -> 14035.27 | F38: =LOOKUP(A38,'Rate Analysis'!$A$3:$A$4887,'Rate Analysis'!$H$3:$H$4887) -> 16140.56
A39: ='Rate Analysis'!A241 -> 3.03 | B39: =LOOKUP(A39,'Rate Analysis'!$A$3:$A$4887,'Rate Analysis'!$B$3:$B$4887) -> C2(5-1-B1 & 5-2B) | C39: Good quality local chimney made Brickwork in 1:3 Cement : sand mortar up to second floor in perfect line level finish including supply of materials, wetting the bricks, racking the joints and curing the work for at least 7 days all complete as per approved drawing, Specification and instruction of site engineer. | D39: =LOOKUP(A39,'Rate Analysis'!$A$3:$A$4887,'Rate Analysis'!$F$3:$F$4887) -> Cum. | E39: =LOOKUP(A39,'Rate Analysis'!$A$3:$A$4887,'Rate Analysis'!$G$3:$G$4887) -> 14662.54 | F39: =LOOKUP(A39,'Rate Analysis'!$A$3:$A$4887,'Rate Analysis'!$H$3:$H$4887) -> 16861.92
A40: ='Rate Analysis'!A255 -> 3.04 | B40: =LOOKUP(A40,'Rate Analysis'!$A$3:$A$4887,'Rate Analysis'!$B$3:$B$4887) -> C2( 5-1-B2 & 5-2A) | C40: Good quality local chimney made Brickwork in 1:4 Cement : sand mortar up to Ground floor in perfect line level finish including supply of materials, wetting the bricks, racking the joints and curing the work for at least 7 days all complete as per approved drawing, Specification and instruction of site engineer. | D40: =LOOKUP(A40,'Rate Analysis'!$A$3:$A$4887,'Rate Analysis'!$F$3:$F$4887) -> Cum. | E40: =LOOKUP(A40,'Rate Analysis'!$A$3:$A$4887,'Rate Analysis'!$G$3:$G$4887) -> 13189.22 | F40: =LOOKUP(A40,'Rate Analysis'!$A$3:$A$4887,'Rate Analysis'!$H$3:$H$4887) -> 15167.6
A41: ='Rate Analysis'!A269 -> 3.05 | B41: =LOOKUP(A41,'Rate Analysis'!$A$3:$A$4887,'Rate Analysis'!$B$3:$B$4887) -> C25-1-B2 & 5-2B) | C41: Good quality local chimney made Brickwork in 1:4 Cement : sand mortar up to FIRST floor in perfect line level finish including supply of materials, wetting the bricks, racking the joints and curing the work for at least 7 days all complete as per approved drawing, Specification and instruction of site engineer. | D41: =LOOKUP(A41,'Rate Analysis'!$A$3:$A$4887,'Rate Analysis'!$F$3:$F$4887) -> Cum. | E41: =LOOKUP(A41,'Rate Analysis'!$A$3:$A$4887,'Rate Analysis'!$G$3:$G$4887) -> 13637.27 | F41: =LOOKUP(A41,'Rate Analysis'!$A$3:$A$4887,'Rate Analysis'!$H$3:$H$4887) -> 15682.86
A42: ='Rate Analysis'!A282 -> 3.06 | B42: =LOOKUP(A42,'Rate Analysis'!$A$3:$A$4887,'Rate Analysis'!$B$3:$B$4887) -> C2(5-1-B2 & 5-2B) | C42: Good quality local chimney made Brickwork in 1:4 Cement : sand mortar up to second floor in perfect line level finish including supply of materials, wetting the bricks, racking the joints and curing the work for at least 7 days all complete as per approved drawing, Specification and instruction of site engineer. | D42: =LOOKUP(A42,'Rate Analysis'!$A$3:$A$4887,'Rate Analysis'!$F$3:$F$4887) -> Cum. | E42: =LOOKUP(A42,'Rate Analysis'!$A$3:$A$4887,'Rate Analysis'!$G$3:$G$4887) -> 14264.54 | F42: =LOOKUP(A42,'Rate Analysis'!$A$3:$A$4887,'Rate Analysis'!$H$3:$H$4887) -> 16404.22
A43: ='Rate Analysis'!A296 -> 3.07 | B43: =LOOKUP(A43,'Rate Analysis'!$A$3:$A$4887,'Rate Analysis'!$B$3:$B$4887) -> C2(5-1-B3 & 5-2A) | C43: Good quality local chimney made Brickwork in 1:6Cement : sand mortar up to Ground floor in perfect line level finish including supply of materials, wetting the bricks, racking the joints and curing the work for at least 7 days all complete as per approved drawing, Specification and instruction of site engineer. | D43: =LOOKUP(A43,'Rate Analysis'!$A$3:$A$4887,'Rate Analysis'!$F$3:$F$4887) -> Cum. | E43: =LOOKUP(A43,'Rate Analysis'!$A$3:$A$4887,'Rate Analysis'!$G$3:$G$4887) -> 12813.22 | F43: =LOOKUP(A43,'Rate Analysis'!$A$3:$A$4887,'Rate Analysis'!$H$3:$H$4887) -> 14735.2
A44: ='Rate Analysis'!A310 -> 3.08 | B44: =LOOKUP(A44,'Rate Analysis'!$A$3:$A$4887,'Rate Analysis'!$B$3:$B$4887) -> C2(5-1-B3 & 5-2B) | C44: Good quality local chimney made Brickwork in 1:6 Cement : sand mortar up to FIRST floor in perfect line level finish including supply of materials, wetting the bricks, racking the joints and curing the work for at least 7 days all complete as per approved drawing, Specification and instruction of site engineer. | D44: =LOOKUP(A44,'Rate Analysis'!$A$3:$A$4887,'Rate Analysis'!$F$3:$F$4887) -> Cum. | E44: =LOOKUP(A44,'Rate Analysis'!$A$3:$A$4887,'Rate Analysis'!$G$3:$G$4887) -> 13261.27 | F44: =LOOKUP(A44,'Rate Analysis'!$A$3:$A$4887,'Rate Analysis'!$H$3:$H$4887) -> 15250.46
A45: ='Rate Analysis'!A324 -> 3.09 | B45: =LOOKUP(A45,'Rate Analysis'!$A$3:$A$4887,'Rate Analysis'!$B$3:$B$4887) -> C2( 5-1-B3 & 5-2B) | C45: Good quality local chimney made Brickwork in 1:6Cement : sand mortar up to second floor in perfect line level finish including supply of materials, wetting the bricks, racking the joints and curing the work for at least 7 days all complete as per approved drawing, Specification and instruction of site engineer. | D45: =LOOKUP(A45,'Rate Analysis'!$A$3:$A$4887,'Rate Analysis'!$F$3:$F$4887) -> Cum. | E45: =LOOKUP(A45,'Rate Analysis'!$A$3:$A$4887,'Rate Analysis'!$G$3:$G$4887) -> 13888.54 | F45: =LOOKUP(A45,'Rate Analysis'!$A$3:$A$4887,'Rate Analysis'!$H$3:$H$4887) -> 15971.82
A46: ='Rate Analysis'!A338 -> 3.1 | B46: =LOOKUP(A46,'Rate Analysis'!$A$3:$A$4887,'Rate Analysis'!$B$3:$B$4887) -> C2(5-1-B6 & 5-2A) | C46: =LOOKUP(A46,'Rate Analysis'!$A$3:$A$4887,'Rate Analysis'!$C$3:$C$4887) -> First class chimney brick masonry work in mud mortar in G. F. | D46: =LOOKUP(A46,'Rate Analysis'!$A$3:$A$4887,'Rate Analysis'!$F$3:$F$4887) -> Cum. | E46: =LOOKUP(A46,'Rate Analysis'!$A$3:$A$4887,'Rate Analysis'!$G$3:$G$4887) -> 10306.22 | F46: =LOOKUP(A46,'Rate Analysis'!$A$3:$A$4887,'Rate Analysis'!$H$3:$H$4887) -> 11852.15
A47: ='Rate Analysis'!A351 -> 3.11 | B47: =LOOKUP(A47,'Rate Analysis'!$A$3:$A$4887,'Rate Analysis'!$B$3:$B$4887) -> C2( 5-1-B6 & 5-2B) | C47: =LOOKUP(A47,'Rate Analysis'!$A$3:$A$4887,'Rate Analysis'!$C$3:$C$4887) -> First class chimney brick masonry work in mud mortar in F. F. | D47: =LOOKUP(A47,'Rate Analysis'!$A$3:$A$4887,'Rate Analysis'!$F$3:$F$4887) -> Cum. | E47: =LOOKUP(A47,'Rate Analysis'!$A$3:$A$4887,'Rate Analysis'!$G$3:$G$4887) -> 10754.27 | F47: =LOOKUP(A47,'Rate Analysis'!$A$3:$A$4887,'Rate Analysis'!$H$3:$H$4887) -> 12367.41
A48: ='Rate Analysis'!A364 -> 3.12 | B48: =LOOKUP(A48,'Rate Analysis'!$A$3:$A$4887,'Rate Analysis'!$B$3:$B$4887) -> C2(5-1-B6 & 5-2B) | C48: =LOOKUP(A48,'Rate Analysis'!$A$3:$A$4887,'Rate Analysis'!$C$3:$C$4887) -> First class chimney brick masonry work in mud mortar in S. F. | D48: =LOOKUP(A48,'Rate Analysis'!$A$3:$A$4887,'Rate Analysis'!$F$3:$F$4887) -> Cum. | E48: =LOOKUP(A48,'Rate Analysis'!$A$3:$A$4887,'Rate Analysis'!$G$3:$G$4887) -> 11381.54 | F48: =LOOKUP(A48,'Rate Analysis'!$A$3:$A$4887,'Rate Analysis'!$H$3:$H$4887) -> 13088.77
A49: ='Rate Analysis'!A377 -> 3.13 | B49: =LOOKUP(A49,'Rate Analysis'!$A$3:$A$4887,'Rate Analysis'!$B$3:$B$4887) -> C6( 6-1-1A) | C49: =LOOKUP(A49,'Rate Analysis'!$A$3:$A$4887,'Rate Analysis'!$C$3:$C$4887) -> R.R. stone masonry work in cement sand (1:3) mortar | D49: =LOOKUP(A49,'Rate Analysis'!$A$3:$A$4887,'Rate Analysis'!$F$3:$F$4887) -> Cum. | E49: =LOOKUP(A49,'Rate Analysis'!$A$3:$A$4887,'Rate Analysis'!$G$3:$G$4887) -> 11881 | F49: =LOOKUP(A49,'Rate Analysis'!$A$3:$A$4887,'Rate Analysis'!$H$3:$H$4887) -> 13663.15
A50: ='Rate Analysis'!A390 -> 3.14 | B50: =LOOKUP(A50,'Rate Analysis'!$A$3:$A$4887,'Rate Analysis'!$B$3:$B$4887) -> C6( 6-1-1B) | C50: =LOOKUP(A50,'Rate Analysis'!$A$3:$A$4887,'Rate Analysis'!$C$3:$C$4887) -> R.R. stone masonry work in cement sand (1:4) mortar | D50: =LOOKUP(A50,'Rate Analysis'!$A$3:$A$4887,'Rate Analysis'!$F$3:$F$4887) -> Cum. | E50: =LOOKUP(A50,'Rate Analysis'!$A$3:$A$4887,'Rate Analysis'!$G$3:$G$4887) -> 11457 | F50: =LOOKUP(A50,'Rate Analysis'!$A$3:$A$4887,'Rate Analysis'!$H$3:$H$4887) -> 13175.55
A51: ='Rate Analysis'!A416 -> 3.14a | B51: ='Rate Analysis'!B416 -> C9( 6-3-5) | C51: ='Rate Analysis'!C416 -> Aslar (Crused stone) stone masonry work in cement sand (1:6) mortar | D51: =LOOKUP(A51,'Rate Analysis'!$A$3:$A$4887,'Rate Analysis'!$F$3:$F$4887) -> Cum. | E51: ='Rate Analysis'!G416 -> 0 | F51: ='Rate Analysis'!H416 -> 0
A52: ='Rate Analysis'!A403 -> 3.15 | B52: =LOOKUP(A52,'Rate Analysis'!$A$3:$A$4887,'Rate Analysis'!$B$3:$B$4887) -> C6( 6-1-1C) | C52: =LOOKUP(A52,'Rate Analysis'!$A$3:$A$4887,'Rate Analysis'!$C$3:$C$4887) -> R.R. stone masonry work in cement sand (1:6) mortar | D52: =LOOKUP(A52,'Rate Analysis'!$A$3:$A$4887,'Rate Analysis'!$F$3:$F$4887) -> Cum. | E52: =LOOKUP(A52,'Rate Analysis'!$A$3:$A$4887,'Rate Analysis'!$G$3:$G$4887) -> 10759 | F52: =LOOKUP(A52,'Rate Analysis'!$A$3:$A$4887,'Rate Analysis'!$H$3:$H$4887) -> 12372.85
A53: ='Rate Analysis'!A427 -> 3.15a | B53: ='Rate Analysis'!B427 -> C6( 6-1-1C) | C53: ='Rate Analysis'!C427 -> R.R. stone masonry work in cement sand (1:6) mortar | D53: =LOOKUP(A53,'Rate Analysis'!$A$3:$A$4887,'Rate Analysis'!$F$3:$F$4887) -> Cum. | E53: ='Rate Analysis'!G427 -> 10659 | F53: ='Rate Analysis'!H427 -> 12257.85
A54: ='Rate Analysis'!A438 -> 3.16 | B54: =LOOKUP(A54,'Rate Analysis'!$A$3:$A$4887,'Rate Analysis'!$B$3:$B$4887) -> C6( 6-2-1) | C54: =LOOKUP(A54,'Rate Analysis'!$A$3:$A$4887,'Rate Analysis'!$C$3:$C$4887) -> R.R. stone masonry work for dry wall | D54: =LOOKUP(A54,'Rate Analysis'!$A$3:$A$4887,'Rate Analysis'!$F$3:$F$4887) -> Cum. | E54: =LOOKUP(A54,'Rate Analysis'!$A$3:$A$4887,'Rate Analysis'!$G$3:$G$4887) -> 5031 | F54: =LOOKUP(A54,'Rate Analysis'!$A$3:$A$4887,'Rate Analysis'!$H$3:$H$4887) -> 5785.65
A55: ='Rate Analysis'!A447 -> 3.17 | B55: =LOOKUP(A55,'Rate Analysis'!$A$3:$A$4887,'Rate Analysis'!$B$3:$B$4887) -> C6( 6-2-2) | C55: =LOOKUP(A55,'Rate Analysis'!$A$3:$A$4887,'Rate Analysis'!$C$3:$C$4887) -> R.R. stone masonry work in mud mortar | D55: =LOOKUP(A55,'Rate Analysis'!$A$3:$A$4887,'Rate Analysis'!$F$3:$F$4887) -> Cum. | E55: =LOOKUP(A55,'Rate Analysis'!$A$3:$A$4887,'Rate Analysis'!$G$3:$G$4887) -> 5416.5 | F55: =LOOKUP(A55,'Rate Analysis'!$A$3:$A$4887,'Rate Analysis'!$H$3:$H$4887) -> 6228.97
A56: ='Rate Analysis'!A459 -> 3.18 | B56: =LOOKUP(A56,'Rate Analysis'!$A$3:$A$4887,'Rate Analysis'!$B$3:$B$4887) -> C10( 6-5) | C56: =LOOKUP(A56,'Rate Analysis'!$A$3:$A$4887,'Rate Analysis'!$C$3:$C$4887) -> Stone filling in trench with proper leveling | D56: =LOOKUP(A56,'Rate Analysis'!$A$3:$A$4887,'Rate Analysis'!$F$3:$F$4887) -> Cum. | E56: =LOOKUP(A56,'Rate Analysis'!$A$3:$A$4887,'Rate Analysis'!$G$3:$G$4887) -> 3577 | F56: =LOOKUP(A56,'Rate Analysis'!$A$3:$A$4887,'Rate Analysis'!$H$3:$H$4887) -> 4113.55
A57: ='Rate Analysis'!A468 -> 3.19 | B57: ='Rate Analysis'!B468 -> C13 | C57: Hollow Concreate Block (150x 150 x300 mm)Masonry Work in 1:4 cemet sand mortar in perfect line level finish including supply of materails, wetting the bricks, racking the joints and curing the work for at least 7 days all complete as per approved drawing, Specification and instruction of site engineer. | D57: Sqm | E57: ='Rate Analysis'!G468 -> 1697.5 | F57: ='Rate Analysis'!H468 -> 1952.125
C59: D - CEMENT CONCRETE WORK
A61: ='Rate Analysis'!A485 -> 4.01 | B61: =LOOKUP(A61,'Rate Analysis'!$A$3:$A$4887,'Rate Analysis'!$B$3:$B$4887) -> D1(7-2B) | C61: =LOOKUP(A61,'Rate Analysis'!$A$3:$A$4887,'Rate Analysis'!$C$3:$C$4887) -> P.C.C. (1:4:8) work in foundation, wall (River bed) | D61: =LOOKUP(A61,'Rate Analysis'!$A$3:$A$4887,'Rate Analysis'!$F$3:$F$4887) -> Cum. | E61: =LOOKUP(A61,'Rate Analysis'!$A$3:$A$4887,'Rate Analysis'!$G$3:$G$4887) -> 9722.7 | F61: =LOOKUP(A61,'Rate Analysis'!$A$3:$A$4887,'Rate Analysis'!$H$3:$H$4887) -> 11181.1
A62: ='Rate Analysis'!A499 -> 4.02 | B62: =LOOKUP(A62,'Rate Analysis'!$A$3:$A$4887,'Rate Analysis'!$B$3:$B$4887) -> D1(7-2C) | C62: Plain cement Concrete (PCC) in 1:3:6 ratio for foundations with approved quality of cement, sand and machine River Bed aggregate including supply of materials,mixing, laying, curing the work at least 7 days etc all complete as per approved drawing, Specification and instruction of site engineer.MANUAL | D62: =LOOKUP(A62,'Rate Analysis'!$A$3:$A$4887,'Rate Analysis'!$F$3:$F$4887) -> Cum. | E62: =LOOKUP(A62,'Rate Analysis'!$A$3:$A$4887,'Rate Analysis'!$G$3:$G$4887) -> 10422.7 | F62: =LOOKUP(A62,'Rate Analysis'!$A$3:$A$4887,'Rate Analysis'!$H$3:$H$4887) -> 11986.1
A63: ='Rate Analysis'!A520 -> 4.03 | B63: =LOOKUP(A63,'Rate Analysis'!$A$3:$A$4887,'Rate Analysis'!$B$3:$B$4887) -> D1(7-2D) | C63: Plain cement Concrete (PCC) in 1:2:4 ratio for foundations with approved quality of cement, sand and machine River Bed aggregate including supply of materials,mixing, laying, curing the work at least 7 days etc all complete as per approved drawing, Specification and instruction of site engineer.MANUAL | D63: =LOOKUP(A63,'Rate Analysis'!$A$3:$A$4887,'Rate Analysis'!$F$3:$F$4887) -> Cum. | E63: =LOOKUP(A63,'Rate Analysis'!$A$3:$A$4887,'Rate Analysis'!$G$3:$G$4887) -> 11703.3 | F63: =LOOKUP(A63,'Rate Analysis'!$A$3:$A$4887,'Rate Analysis'!$H$3:$H$4887) -> 13458.79
A64: ='Rate Analysis'!A534 -> 4.04 | B64: =LOOKUP(A64,'Rate Analysis'!$A$3:$A$4887,'Rate Analysis'!$B$3:$B$4887) -> D2(7-4A) | C64: Plain cement Concrete (PCC) in 1:2:4 ratio for BEAM,SLAB ETC with approved quality of cement, sand and machine River Bed aggregate including supply of materials,mixing, laying, curing the work at least 7 days etc all complete as per approved drawing, Specification and instruction of site engineer.MANUAL | D64: =LOOKUP(A64,'Rate Analysis'!$A$3:$A$4887,'Rate Analysis'!$F$3:$F$4887) -> Cum. | E64: =LOOKUP(A64,'Rate Analysis'!$A$3:$A$4887,'Rate Analysis'!$G$3:$G$4887) -> 14073.3 | F64: =LOOKUP(A64,'Rate Analysis'!$A$3:$A$4887,'Rate Analysis'!$H$3:$H$4887) -> 16184.29
A65: ='Rate Analysis'!A548 -> 4.05 | B65: =LOOKUP(A65,'Rate Analysis'!$A$3:$A$4887,'Rate Analysis'!$B$3:$B$4887) -> D2(7-4B) | C65: Plain cement Concrete (PCC) in 1:1½:3 ratio for BEAM,SLAB ETC with approved quality of cement, sand and machine River Bed aggregate including supply of materials,mixing, laying, curing the work at least 7 days etc all complete as per approved drawing, Specification and instruction of site engineer.MANUAL | D65: =LOOKUP(A65,'Rate Analysis'!$A$3:$A$4887,'Rate Analysis'!$F$3:$F$4887) -> Cum. | E65: =LOOKUP(A65,'Rate Analysis'!$A$3:$A$4887,'Rate Analysis'!$G$3:$G$4887) -> 15158.8 | F65: =LOOKUP(A65,'Rate Analysis'!$A$3:$A$4887,'Rate Analysis'!$H$3:$H$4887) -> 17432.62
A66: ='Rate Analysis'!A562 -> 4.06 | B66: =LOOKUP(A66,'Rate Analysis'!$A$3:$A$4887,'Rate Analysis'!$B$3:$B$4887) -> D2(7-4C) | C66: Plain cement Concrete (PCC) in 1:1:2 ratio for BEAM,SLAB ETC with approved quality of cement, sand and machine River Bed aggregate including supply of materials,mixing, laying, curing the work at least 7 days etc all complete as per approved drawing, Specification and instruction of site engineer.MANUAL | D66: =LOOKUP(A66,'Rate Analysis'!$A$3:$A$4887,'Rate Analysis'!$F$3:$F$4887) -> Cum. | E66: =LOOKUP(A66,'Rate Analysis'!$A$3:$A$4887,'Rate Analysis'!$G$3:$G$4887) -> 18080.5 | F66: =LOOKUP(A66,'Rate Analysis'!$A$3:$A$4887,'Rate Analysis'!$H$3:$H$4887) -> 20792.57
A67: ='Rate Analysis'!A576 -> 4.07 | B67: =LOOKUP(A67,'Rate Analysis'!$A$3:$A$4887,'Rate Analysis'!$B$3:$B$4887) -> D3(A) | C67: Plain cement Concrete (PCC) in 1:3:6 ratio for foundations with approved quality of cement, sand and machine River Bed aggregate including supply of materials,mixing, laying, curing the work at least 7 days etc all complete as per approved drawing, Specification and instruction of site engineer.USED MACHINE | D67: =LOOKUP(A67,'Rate Analysis'!$A$3:$A$4887,'Rate Analysis'!$F$3:$F$4887) -> Cum. | E67: =LOOKUP(A67,'Rate Analysis'!$A$3:$A$4887,'Rate Analysis'!$G$3:$G$4887) -> 10108.3 | F67: =LOOKUP(A67,'Rate Analysis'!$A$3:$A$4887,'Rate Analysis'!$H$3:$H$4887) -> 11624.54
A68: ='Rate Analysis'!A594 -> 4.08 | B68: =LOOKUP(A68,'Rate Analysis'!$A$3:$A$4887,'Rate Analysis'!$B$3:$B$4887) -> D3(B) | C68: Plain cement Concrete (PCC) in 1:2:4 ratio for foundations with approved quality of cement, sand and machine River Bed aggregate including supply of materials,mixing, laying, curing the work at least 7 days etc all complete as per approved drawing, Specification and instruction of site engineer.USED MACHINE | D68: =LOOKUP(A68,'Rate Analysis'!$A$3:$A$4887,'Rate Analysis'!$F$3:$F$4887) -> Cum. | E68: =LOOKUP(A68,'Rate Analysis'!$A$3:$A$4887,'Rate Analysis'!$G$3:$G$4887) -> 11479.1 | F68: =LOOKUP(A68,'Rate Analysis'!$A$3:$A$4887,'Rate Analysis'!$H$3:$H$4887) -> 13200.96
A69: ='Rate Analysis'!A611 -> 4.09 | B69: =LOOKUP(A69,'Rate Analysis'!$A$3:$A$4887,'Rate Analysis'!$B$3:$B$4887) -> D4(A) | C69: Plain cement Concrete (PCC) in 1:1½:3 ratio for BEAM,SLAB ETC with approved quality of cement, sand and machine River Bed aggregate including supply of materials,mixing, laying, curing the work at least 7 days etc all complete as per approved drawing, Specification and instruction of site engineer.USED MACHINE | D69: =LOOKUP(A69,'Rate Analysis'!$A$3:$A$4887,'Rate Analysis'!$F$3:$F$4887) -> Cum. | E69: =LOOKUP(A69,'Rate Analysis'!$A$3:$A$4887,'Rate Analysis'!$G$3:$G$4887) -> 12573.4 | F69: =LOOKUP(A69,'Rate Analysis'!$A$3:$A$4887,'Rate Analysis'!$H$3:$H$4887) -> 14459.41
A70: ='Rate Analysis'!A629 -> 4.1 | B70: =LOOKUP(A70,'Rate Analysis'!$A$3:$A$4887,'Rate Analysis'!$B$3:$B$4887) -> D4(B) | C70: Plain cement Concrete (PCC) in 1:1:2 ratio for BEAM,SLAB ETC with approved quality of cement, sand and machine River Bed aggregate including supply of materials,mixing, laying, curing the work at least 7 days etc all complete as per approved drawing, Specification and instruction of site engineer.USED MACHINE | D70: =LOOKUP(A70,'Rate Analysis'!$A$3:$A$4887,'Rate Analysis'!$F$3:$F$4887) -> Cum. | E70: =LOOKUP(A70,'Rate Analysis'!$A$3:$A$4887,'Rate Analysis'!$G$3:$G$4887) -> 15495.1 | F70: =LOOKUP(A70,'Rate Analysis'!$A$3:$A$4887,'Rate Analysis'!$H$3:$H$4887) -> 17819.36
A71: ='Rate Analysis'!A647 -> 4.11 | B71: =LOOKUP(A71,'Rate Analysis'!$A$3:$A$4887,'Rate Analysis'!$B$3:$B$4887) -> D(5) | C71: Plain cement Concrete (PCC) in 1:1:2 ratio for ,SLAB with MICRO SILICA & SUPER PLASTICISER approved quality of cement, sand and machine River Bed aggregate including supply of materials,mixing, laying, curing the work at least 7 days etc all complete as per approved drawing, Specification and instruction of site engineer.USED MACHINE | D71: =LOOKUP(A71,'Rate Analysis'!$A$3:$A$4887,'Rate Analysis'!$F$3:$F$4887) -> Cum. | E71: =LOOKUP(A71,'Rate Analysis'!$A$3:$A$4887,'Rate Analysis'!$G$3:$G$4887) -> 15280.75 | F71: =LOOKUP(A71,'Rate Analysis'!$A$3:$A$4887,'Rate Analysis'!$H$3:$H$4887) -> 17572.86
A72: ='Rate Analysis'!A666 -> 4.12 | B72: =LOOKUP(A72,'Rate Analysis'!$A$3:$A$4887,'Rate Analysis'!$B$3:$B$4887) -> D1(7-2B) | C72: Plain cement Concrete (PCC) in 1:4:8 ratio for foundations,WALL with approved quality of cement, sand and machine CRUSHED OR STONE BALLAST aggregate including supply of materials,mixing, laying, curing the work at least 7 days etc all complete as per approved drawing, Specification and instruction of site engineer.MANUAL | D72: =LOOKUP(A72,'Rate Analysis'!$A$3:$A$4887,'Rate Analysis'!$F$3:$F$4887) -> Cum. | E72: =LOOKUP(A72,'Rate Analysis'!$A$3:$A$4887,'Rate Analysis'!$G$3:$G$4887) -> 10064.95 | F72: =LOOKUP(A72,'Rate Analysis'!$A$3:$A$4887,'Rate Analysis'!$H$3:$H$4887) -> 11574.69
A73: ='Rate Analysis'!A679 -> 4.13 | B73: =LOOKUP(A73,'Rate Analysis'!$A$3:$A$4887,'Rate Analysis'!$B$3:$B$4887) -> D1(7-2C) | C73: Plain cement Concrete (PCC) in 1:3:6 ratio for foundations,WALL with approved quality of cement, sand and machine CRUSHED OR STONE BALLAST aggregate including supply of materials,mixing, laying, curing the work at least 7 days etc all complete as per approved drawing, Specification and instruction of site engineer.MANUAL | D73: =LOOKUP(A73,'Rate Analysis'!$A$3:$A$4887,'Rate Analysis'!$F$3:$F$4887) -> Cum. | E73: =LOOKUP(A73,'Rate Analysis'!$A$3:$A$4887,'Rate Analysis'!$G$3:$G$4887) -> 10764.95 | F73: =LOOKUP(A73,'Rate Analysis'!$A$3:$A$4887,'Rate Analysis'!$H$3:$H$4887) -> 12379.69
A74: ='Rate Analysis'!A701 -> 4.14 | B74: =LOOKUP(A74,'Rate Analysis'!$A$3:$A$4887,'Rate Analysis'!$B$3:$B$4887) -> D1(7-2D) | C74: Plain cement Concrete (PCC) in 1:2:4 ratio for foundations,WALL with approved quality of cement, sand and machine CRUSHED OR STONE BALLAST aggregate including supply of materials,mixing, laying, curing the work at least 7 days etc all complete as per approved drawing, Specification and instruction of site engineer.MANUAL | D74: =LOOKUP(A74,'Rate Analysis'!$A$3:$A$4887,'Rate Analysis'!$F$3:$F$4887) -> Cum. | E74: =LOOKUP(A74,'Rate Analysis'!$A$3:$A$4887,'Rate Analysis'!$G$3:$G$4887) -> 12091.8 | F74: =LOOKUP(A74,'Rate Analysis'!$A$3:$A$4887,'Rate Analysis'!$H$3:$H$4887) -> 13905.57
A75: ='Rate Analysis'!A723 -> 4.15 | B75: =LOOKUP(A75,'Rate Analysis'!$A$3:$A$4887,'Rate Analysis'!$B$3:$B$4887) -> D2(7-4A) | C75: Plain cement Concrete (PCC) in 1:2:4 ratio for SLAB,BEAM ,ETC with approved quality of cement, sand and machine CRUSHED OR STONE BALLAST aggregate including supply of materials,mixing, laying, curing the work at least 7 days etc all complete as per approved drawing, Specification and instruction of site engineer.MANUAL | D75: =LOOKUP(A75,'Rate Analysis'!$A$3:$A$4887,'Rate Analysis'!$F$3:$F$4887) -> Cum. | E75: =LOOKUP(A75,'Rate Analysis'!$A$3:$A$4887,'Rate Analysis'!$G$3:$G$4887) -> 14461.8 | F75: =LOOKUP(A75,'Rate Analysis'!$A$3:$A$4887,'Rate Analysis'!$H$3:$H$4887) -> 16631.07
A76: ='Rate Analysis'!A746 -> 4.16 | B76: =LOOKUP(A76,'Rate Analysis'!$A$3:$A$4887,'Rate Analysis'!$B$3:$B$4887) -> D2(7-4B) | C76: Plain cement Concrete (PCC) in 1:1½:3 ratio for SLAB,BEAM ,ETC with approved quality of cement, sand and machine CRUSHED OR STONE BALLAST aggregate including supply of materials,mixing, laying, curing the work at least 7 days etc all complete as per approved drawing, Specification and instruction of site engineer.MANUAL | D76: =LOOKUP(A76,'Rate Analysis'!$A$3:$A$4887,'Rate Analysis'!$F$3:$F$4887) -> Cum. | E76: =LOOKUP(A76,'Rate Analysis'!$A$3:$A$4887,'Rate Analysis'!$G$3:$G$4887) -> 15674.8 | F76: =LOOKUP(A76,'Rate Analysis'!$A$3:$A$4887,'Rate Analysis'!$H$3:$H$4887) -> 18026.02
A77: ='Rate Analysis'!A768 -> 4.17 | B77: =LOOKUP(A77,'Rate Analysis'!$A$3:$A$4887,'Rate Analysis'!$B$3:$B$4887) -> D2(7-4C) | C77: Plain cement Concrete (PCC) in 1:1:2 ratio for SLAB,BEAM ,ETCwith approved quality of cement, sand and machine CRUSHED OR STONE BALLAST aggregate including supply of materials,mixing, laying, curing the work at least 7 days etc all complete as per approved drawing, Specification and instruction of site engineer.MANUAL | D77: =LOOKUP(A77,'Rate Analysis'!$A$3:$A$4887,'Rate Analysis'!$F$3:$F$4887) -> Cum. | E77: =LOOKUP(A77,'Rate Analysis'!$A$3:$A$4887,'Rate Analysis'!$G$3:$G$4887) -> 18590.5 | F77: =LOOKUP(A77,'Rate Analysis'!$A$3:$A$4887,'Rate Analysis'!$H$3:$H$4887) -> 21379.07
A78: ='Rate Analysis'!A782 -> 4.18(A) | B78: ='Rate Analysis'!B782 -> D3(A) | C78: Plain cement Concrete (PCC) in 1:3:6 ratio for FOUNDATION WALL with approved quality of cement, sand and machine CRUSHED OR STONE BALLAST aggregate including supply of materials,mixing, laying, curing the work at least 7 days etc all complete as per approved drawing, Specification and instruction of site engineer.USED MACHINE | D78: =LOOKUP(A78,'Rate Analysis'!$A$3:$A$4887,'Rate Analysis'!$F$3:$F$4887) -> Cum. | E78: ='Rate Analysis'!G782 -> 10450.55 | F78: ='Rate Analysis'!H782 -> 12018.13
A79: ='Rate Analysis'!A799 -> 4.19 | B79: =LOOKUP(A79,'Rate Analysis'!$A$3:$A$4887,'Rate Analysis'!$B$3:$B$4887) -> D3(B) | C79: Plain cement Concrete (PCC) in 1:2:4 ratio for FOUNDATION WALL with approved quality of cement, sand and machine CRUSHED OR STONE BALLAST aggregate including supply of materials,mixing, laying, curing the work at least 7 days etc all complete as per approved drawing, Specification and instruction of site engineer.USED MACHINE | D79: =LOOKUP(A79,'Rate Analysis'!$A$3:$A$4887,'Rate Analysis'!$F$3:$F$4887) -> Cum. | E79: =LOOKUP(A79,'Rate Analysis'!$A$3:$A$4887,'Rate Analysis'!$G$3:$G$4887) -> 11835.7 | F79: =LOOKUP(A79,'Rate Analysis'!$A$3:$A$4887,'Rate Analysis'!$H$3:$H$4887) -> 13611.05
A80: ='Rate Analysis'!A817 -> 4.2(A) | B80: ='Rate Analysis'!B817 -> D4(A) | C80: Plain cement Concrete (PCC) in 1:1½:3ratio for SLAB,BEAM ETC with approved quality of cement, sand and machine CRUSHED OR STONE BALLAST aggregate including supply of materials,mixing, laying, curing the work at least 7 days etc all complete as per approved drawing, Specification and instruction of site engineer.USED MACHINE | D80: =LOOKUP(A80,'Rate Analysis'!$A$3:$A$4887,'Rate Analysis'!$F$3:$F$4887) -> Cum. | E80: ='Rate Analysis'!G817 -> 13089.4 | F80: ='Rate Analysis'!H817 -> 15052.81
A81: ='Rate Analysis'!A834 -> 4.21 | B81: =LOOKUP(A81,'Rate Analysis'!$A$3:$A$4887,'Rate Analysis'!$B$3:$B$4887) -> D4(B) | C81: Plain cement Concrete (PCC) in 1:1:2ratio for SLAB,BEAM ETC with approved quality of cement, sand and machine CRUSHED OR STONE BALLAST aggregate including supply of materials,mixing, laying, curing the work at least 7 days etc all complete as per approved drawing, Specification and instruction of site engineer.USED MACHINE | D81: =LOOKUP(A81,'Rate Analysis'!$A$3:$A$4887,'Rate Analysis'!$F$3:$F$4887) -> Cum. | E81: =LOOKUP(A81,'Rate Analysis'!$A$3:$A$4887,'Rate Analysis'!$G$3:$G$4887) -> 16005.1 | F81: =LOOKUP(A81,'Rate Analysis'!$A$3:$A$4887,'Rate Analysis'!$H$3:$H$4887) -> 18405.86
A82: ='Rate Analysis'!A860 -> 4.22 | B82: =LOOKUP(A82,'Rate Analysis'!$A$3:$A$4887,'Rate Analysis'!$B$3:$B$4887) -> D(5) | C82: Plain cement Concrete (PCC) in 1:1:2 ratio for ,SLAB with MICRO SILICA & SUPER PLASTICISER approved quality of cement, sand and machine CRUSHED OR STONE BALLAST including supply of materials,mixing, laying, curing the work at least 7 days etc all complete as per approved drawing, Specification and instruction of site engineer.USED MACHINE | D82: =LOOKUP(A82,'Rate Analysis'!$A$3:$A$4887,'Rate Analysis'!$F$3:$F$4887) -> Cum. | E82: =LOOKUP(A82,'Rate Analysis'!$A$3:$A$4887,'Rate Analysis'!$G$3:$G$4887) -> 15775.75 | F82: =LOOKUP(A82,'Rate Analysis'!$A$3:$A$4887,'Rate Analysis'!$H$3:$H$4887) -> 18142.11
A83: 4.23 | C83: READY MIX CONCRETE with approved quality of cement, sand and machine CRUSHED OR STONE BALLAST aggregate including supply of materials,mixing, laying, curing the work at least 7 days etc all complete as per approved drawing, Specification and instruction of site engineer
C84: Readymix concreate M10 | D84: =D82 -> Cum. | E84: 10500 | F84: =E84*1.15 -> 12075
C85: Readymix concreate M15 | D85: =D84 -> Cum. | E85: 11000 | F85: =E85*1.15 -> 12650
C86: Readymix concreate M20 | D86: =D85 -> Cum. | E86: 12000 | F86: =E86*1.15 -> 13800
C87: Readymix concreate M25 | D87: =D86 -> Cum. | E87: 13000 | F87: =E87*1.15 -> 14950
C88: Readymix concreate M30 | D88: =D87 -> Cum. | E88: 14000 | F88: =E88*1.15 -> 16100
C89: Readymix concreate M35 | D89: =D88 -> Cum. | E89: 15000 | F89: =E89*1.15 -> 17250
C90: Readymix concreate M40 | D90: =D89 -> Cum. | E90: 17000 | F90: =E90*1.15 -> 19550
C91: Readymix concreate M45 | D91: =D90 -> Cum. | E91: 18000 | F91: =E91*1.15 -> 20700
A92: ='Rate Analysis'!A888 -> 4.23 | B92: =LOOKUP(A92,'Rate Analysis'!$A$3:$A$4887,'Rate Analysis'!$B$3:$B$4887) -> D9(7-5) | C92: TMT. Reinforcement bar tested including straightening, cleaning, cutting, bending and fixing in position with 20 B.G. annealed binding wire as per drawing and as per instruction & specification complete work | D92: =LOOKUP(A92,'Rate Analysis'!$A$3:$A$4887,'Rate Analysis'!$F$3:$F$4887) -> Kg. | E92: =LOOKUP(A92,'Rate Analysis'!$A$3:$A$4887,'Rate Analysis'!$G$3:$G$4887) -> 136.49 | F92: =LOOKUP(A92,'Rate Analysis'!$A$3:$A$4887,'Rate Analysis'!$H$3:$H$4887) -> 156.96
C94: E - FORM & PROPS WORK
A95: ='Rate Analysis'!A899 -> 5.01 | B95: =LOOKUP(A95,'Rate Analysis'!$A$3:$A$4887,'Rate Analysis'!$B$3:$B$4887) -> E1(8-3A) | C95: Formwork, shuttering, centering ( COLUMN with LOCAL WOOD for all works necessary propping, scaffolding, staging, supporting inclusive of wedging and cutting holes for utilization till the support if fully unyielding nett all complete as per approved drawing, Specification and instruction of site engineer. | D95: =LOOKUP(A95,'Rate Analysis'!$A$3:$A$4887,'Rate Analysis'!$F$3:$F$4887) -> Sqm. | E95: =LOOKUP(A95,'Rate Analysis'!$A$3:$A$4887,'Rate Analysis'!$G$3:$G$4887) -> 1688.07 | F95: =LOOKUP(A95,'Rate Analysis'!$A$3:$A$4887,'Rate Analysis'!$H$3:$H$4887) -> 1941.28
A96: ='Rate Analysis'!A910 -> 5.02 | B96: =LOOKUP(A96,'Rate Analysis'!$A$3:$A$4887,'Rate Analysis'!$B$3:$B$4887) -> E2(51B) | C96: Formwork, shuttering, centering (COLUMN ) with 19mm thick waterproof ply board and steel props for all works necessary propping, scaffolding, staging, supporting inclusive of wedging and cutting holes for utilization till the support if fully unyielding nett all complete as per approved drawing, Specification and instruction of site engineer. | D96: =LOOKUP(A96,'Rate Analysis'!$A$3:$A$4887,'Rate Analysis'!$F$3:$F$4887) -> Sqm. | E96: =LOOKUP(A96,'Rate Analysis'!$A$3:$A$4887,'Rate Analysis'!$G$3:$G$4887) -> 843.93 | F96: =LOOKUP(A96,'Rate Analysis'!$A$3:$A$4887,'Rate Analysis'!$H$3:$H$4887) -> 970.52
A97: ='Rate Analysis'!A922 -> 5.03 | B97: =LOOKUP(A97,'Rate Analysis'!$A$3:$A$4887,'Rate Analysis'!$B$3:$B$4887) -> E3(8-4A) | C97: Form work shuttering & centering (BEAM-0.30 depth Mtr) with (USED LOCAL WOOD) all complete. | D97: =LOOKUP(A97,'Rate Analysis'!$A$3:$A$4887,'Rate Analysis'!$F$3:$F$4887) -> Sqm. | E97: =LOOKUP(A97,'Rate Analysis'!$A$3:$A$4887,'Rate Analysis'!$G$3:$G$4887) -> 1751.2 | F97: =LOOKUP(A97,'Rate Analysis'!$A$3:$A$4887,'Rate Analysis'!$H$3:$H$4887) -> 2013.88
A98: ='Rate Analysis'!A932 -> 5.04 | B98: =LOOKUP(A98,'Rate Analysis'!$A$3:$A$4887,'Rate Analysis'!$B$3:$B$4887) -> E4(8-4B) | C98: Form work shuttering & centering (BEAM-0.30-0.80 depth Mtr) with (USED LOCAL WOOD) all complete. | D98: =LOOKUP(A98,'Rate Analysis'!$A$3:$A$4887,'Rate Analysis'!$F$3:$F$4887) -> Sqm. | E98: =LOOKUP(A98,'Rate Analysis'!$A$3:$A$4887,'Rate Analysis'!$G$3:$G$4887) -> 1417.6 | F98: =LOOKUP(A98,'Rate Analysis'!$A$3:$A$4887,'Rate Analysis'!$H$3:$H$4887) -> 1630.24
A99: ='Rate Analysis'!A942 -> 5.05 | B99: =LOOKUP(A99,'Rate Analysis'!$A$3:$A$4887,'Rate Analysis'!$B$3:$B$4887) -> E5(51A) | C99: Formwork, shuttering, centering (BEAM ) with 19mm thick waterproof ply board and steel props for all works necessary propping, scaffolding, staging, supporting inclusive of wedging and cutting holes for utilization till the support if fully unyielding nett all complete as per approved drawing, Specification and instruction of site engineer. | D99: =LOOKUP(A99,'Rate Analysis'!$A$3:$A$4887,'Rate Analysis'!$F$3:$F$4887) -> Sqm. | E99: =LOOKUP(A99,'Rate Analysis'!$A$3:$A$4887,'Rate Analysis'!$G$3:$G$4887) -> 1433.8 | F99: =LOOKUP(A99,'Rate Analysis'!$A$3:$A$4887,'Rate Analysis'!$H$3:$H$4887) -> 1648.87
A100: ='Rate Analysis'!A954 -> 5.06 | B100: =LOOKUP(A100,'Rate Analysis'!$A$3:$A$4887,'Rate Analysis'!$B$3:$B$4887) -> E6(8-4A) | C100: Formwork, shuttering, centering (SLAB ) with 19mm thick waterproof ply board and steel props for all works necessary propping, scaffolding, staging, supporting inclusive of wedging and cutting holes for utilization till the support if fully unyielding nett all complete as per approved drawing, Specification and instruction of site engineer. | D100: =LOOKUP(A100,'Rate Analysis'!$A$3:$A$4887,'Rate Analysis'!$F$3:$F$4887) -> Sqm. | E100: =LOOKUP(A100,'Rate Analysis'!$A$3:$A$4887,'Rate Analysis'!$G$3:$G$4887) -> 1033.07 | F100: =LOOKUP(A100,'Rate Analysis'!$A$3:$A$4887,'Rate Analysis'!$H$3:$H$4887) -> 1188.04
A101: ='Rate Analysis'!A983 -> 5.06(A) | B101: ='Rate Analysis'!B983 -> E6(8-4A) | C101: Formwork, shuttering, centering (SLAB ) with 19mm thick waterproof ply board and BAMBOO PROPS for all works necessary propping, scaffolding, staging, supporting inclusive of wedging and cutting holes for utilization till the support if fully unyielding nett all complete as per approved drawing, Specification and instruction of site engineer. | D101: ='Rate Analysis'!F983 -> Sqm. | E101: ='Rate Analysis'!G983 -> 948.14 | F101: ='Rate Analysis'!H983 -> 1090.36
A102: ='Rate Analysis'!A1001 -> 5.07 | B102: =LOOKUP(A102,'Rate Analysis'!$A$3:$A$4887,'Rate Analysis'!$B$3:$B$4887) -> E12(8-13A) | C102: Trench work open type form work (up to 1.50 Mtr.) | D102: =LOOKUP(A102,'Rate Analysis'!$A$3:$A$4887,'Rate Analysis'!$F$3:$F$4887) -> Sqm. | E102: =LOOKUP(A102,'Rate Analysis'!$A$3:$A$4887,'Rate Analysis'!$G$3:$G$4887) -> 371.45 | F102: =LOOKUP(A102,'Rate Analysis'!$A$3:$A$4887,'Rate Analysis'!$H$3:$H$4887) -> 427.17
A103: ='Rate Analysis'!A1011 -> 5.08 | B103: =LOOKUP(A103,'Rate Analysis'!$A$3:$A$4887,'Rate Analysis'!$B$3:$B$4887) -> E12(8-13B) | C103: Trench work open type form work ( 1.50 to 3.00 Mtr.) | D103: =LOOKUP(A103,'Rate Analysis'!$A$3:$A$4887,'Rate Analysis'!$F$3:$F$4887) -> Sqm. | E103: =LOOKUP(A103,'Rate Analysis'!$A$3:$A$4887,'Rate Analysis'!$G$3:$G$4887) -> 380.98 | F103: =LOOKUP(A103,'Rate Analysis'!$A$3:$A$4887,'Rate Analysis'!$H$3:$H$4887) -> 438.13
A104: ='Rate Analysis'!A1021 -> 5.09 | B104: =LOOKUP(A104,'Rate Analysis'!$A$3:$A$4887,'Rate Analysis'!$B$3:$B$4887) -> E13(8-13C) | C104: Trench work open type form work (above 3.00 Mtr.) | D104: =LOOKUP(A104,'Rate Analysis'!$A$3:$A$4887,'Rate Analysis'!$F$3:$F$4887) -> Sqm. | E104: =LOOKUP(A104,'Rate Analysis'!$A$3:$A$4887,'Rate Analysis'!$G$3:$G$4887) -> 393.5 | F104: =LOOKUP(A104,'Rate Analysis'!$A$3:$A$4887,'Rate Analysis'!$H$3:$H$4887) -> 452.53
C106: F - ROOFING WORK
...

Sheet Basic Rate
A1: =cover!A1 -> GOVERNMENT OF NEPAL
A2: =cover!A2 -> RAINAS MUNICIPALITY
A3: =cover!A3 -> OFFICE OF THE MUNICIPAL EXECUTIVE
A4: =cover!A4 -> TINPIPLE,LAMJUNG
A5: =cover!A5 -> 0
A6: BASIC LABOUR & MATERIAL RATE
A7: DISTRICT : BARA | G7: F / Y : 2082/083
A8: S.No. | B8: Description | C8: Unit | D8: District Rate | E8: Transportation @ 3 % | F8: Rate | G8: Remarks | H8: District Rate Page no & S.N
A9: 1 | B9: Aggregate >10 mm-Crushed | C9: Cum. | D9: 2430 | F9: =D9+E9 -> 2430 | H9: 4-164
A10: 2 | B10: Aggregate >10 mm-River bed | C10: Cum. | D10: 1830 | F10: =D10+E10 -> 1830 | H10: 4-168
A11: 3 | B11: Aggregate 10 mm-Crushed | C11: Cum. | D11: 2800 | F11: =D11+E11 -> 2800 | H11: =H9 -> 4-164
A12: 4 | B12: Aggregate 10 mm-River bed | C12: Cum. | D12: 1910 | F12: =D12+E12 -> 1910 | H12: 4-168
A13: 5 | B13: Aggregate 12 mm-Crushed | C13: Cum. | D13: =D9 -> 2430 | F13: =D13+E13 -> 2430 | H13: 4-164
A14: 6 | B14: Aggregate 12 mm-River bed | C14: Cum. | D14: =D10 -> 1830 | F14: =D14+E14 -> 1830 | H14: 4-168
A15: 7 | B15: Aggregate 20 mm-Crushed | C15: Cum. | D15: 2430 | F15: =D15+E15 -> 2430 | H15: 4-164
A16: 8 | B16: Aggregate 20 mm-River bed | C16: Cum. | D16: 1830 | F16: =D16+E16 -> 1830 | H16: 4-168
A17: 9 | B17: Aggregate 40 mm-Crushed | C17: Cum. | D17: 2135 | F17: =D17+E17 -> 2135 | H17: 4-164
A18: 10 | B18: Aggregate 40 mm-River bed | C18: Cum. | D18: 1830 | F18: =D18+E18 -> 1830 | H18: 4-168
A19: 11 | B19: Aluminium paint | C19: Ltr. | D19: 561 | F19: =D19+E19 -> 561 | H19: 13-494
A20: 12 | B20: Asbestos cement ridge cover | C20: Rmtr. | D20: =D21/0.6 -> 866.66667 | F20: =D20+E20 -> 866.66667 | G20: ridge width 0.6 m
A21: 13 | B21: Asbestos cement sheet | C21: Sqm. | D21: 520 | F21: =D21+E21 -> 520 | H21: 6-270
A22: 14 | B22: ASO Joint Tape laying Work. | C22: Rmtr.
A23: 15 | B23: Assistant lab equipment with agar | C23: Hour | D23: .
A24: 16 | B24: Bamboo | C24: No. | D24: 263 | F24: =D24+E24 -> 263 | H24: 3-104
A25: 17 | B25: Barbed wire 12 Bwg.(7m per Kg) | C25: Rmtr. | D25: =133/7 -> 19 | F25: =D25+E25 -> 19 | G25: 133 per kg | H25: 7-262
A26: 18 | B26: Barbed wire 14 Bwg.(7m per Kg) | C26: Rmtr. | D26: =133/7 -> 19 | F26: =D26+E26 -> 19 | G26: 134 per kg | H26: 7-263
A27: 19 | B27: Bhush | C27: Kg.
A28: 20 | B28: Binding wire | C28: Kg. | D28: 140 | F28: =D28+E28 -> 140 | H28: 5-212
A29: 21 | B29: Bitumen (VG 30) | C29: Kg. | D29: 110.7 | F29: =D29+E29 -> 110.7
A30: 22 | B30: Bitumen paint | C30: Ltr. | D30: 173 | F30: =D30+E30 -> 173 | H30: 13-507
A31: 23 | B31: Bitumen washer | C31: Nos. | D31: 0.63 | F31: =D31+E31 -> 0.63 | H31: 7-300
A32: 24 | B32: Brick Aggregate | C32: Cum. | D32: 2500 | F32: =D32+E32 -> 2500 | H32: 3-109
A33: 25 | B33: Brick | C33: Nos. | D33: 13 | F33: =D33+E33 -> 13 | H33: 3-105
A34: 27 | B34: Carborundam Stone(Sharpenning Stone) | C34: Nos. | D34: 254 | F34: =D34+E34 -> 254 | H34: 5-181
A35: 28 | B35: Cement | C35: MT | D35: 14000 | F35: =D35+E35 -> 14000 | H35: 5-201
A36: 29 | B36: Cement primer | C36: Ltr. | H36: ***
B37: Cement tile | C37: No. | D37: 18 | F37: =D37+E37 -> 18 | H37: 7-309
A38: 31 | B38: Cement tile ridge cover | C38: No. | D38: 20 | F38: =D38+E38 -> 20 | H38: 7-310
A39: 32 | B39: Stainless Steel 50mm dia Handrail pipe,in between 20 mm dia s.s. pipe 3 line ,40 mm vertical post 8/8 ft apart and 75 mm baluster pipe with 900 mm height all complete | C39: Rmtr. | D39: =1600*3.28 -> 5248 | F39: =D39+E39 -> 5248 | H39: 6-246
A40: 33 | B40: CGI Ridge Cover colour 26 (h) | C40: Rmtr. | D40: =(3257/12)/18*4*3.28 -> 197.83259 | F40: =D40 -> 197.83259 | G40: width=0.60m | H40: 7-256
A41: 34 | B41: CGI Ridge Cover colour 26 (m) | C41: Rmtr. | D41: =(2976/12)/18*4*3.28 -> 180.76444 | F41: =D41 -> 180.76444 | G41: width=0.60m | H41: 7-295
A42: 35 | B42: CGI sheet 24(H) 0.50 mm thick coloured (65kg/bundle) | C42: Sqm. | D42: =14058/18.62 -> 754.99463 | F42: =D42 -> 754.99463 | H42: 7-286
A43: 36 | B43: CGI sheet 26(H) 0.40 mm thick coloured (65kg/bundle) | C43: Sqm. | D43: =14058/18.62 -> 754.99463 | F43: =D43 -> 754.99463 | H43: 7-286
A44: 37 | B44: CGI sheet 26 (H) 0.41 mm thick Plain (65kg/bundle) | C44: Sqm. | D44: =10066/18.62 -> 540.6015 | F44: . | H44: 7-279
A45: 38 | B45: CGI sheet 26 0.37 mm thick plain (61kg/bundle) | C45: Sqm. | D45: =8764/18.62 -> 470.67669 | F45: . | H45: 7-281
A46: 39 | B46: CGI sheet 26 (M) 0.37 mm thick Plane | C46: Sqm. | D46: =9432/18.62 -> 506.55209 | F46: . | H46: 7-280
A47: 40 | B47: CGI sheet 26 (M) 0.37 mm thick Color | C47: Sqm. | D47: =11334/18.62 -> 608.70032 | F47: . | H47: 7-287
A48: 41 | B48: CGI sheet 28 (H) 0.31 mm thick colour | C48: Sqm. | D48: =8939/17.56 -> 509.05467 | F48: . | H48: 7-288
A49: 42 | B49: CGI sheet 28 (H) 0.31 mm thick plane | C49: Sqm. | D49: =7898/18.62 -> 424.16756 | F49: . | H49: 7-282
A50: 43 | B50: CGI sheet Ridge Cover 26(L) | C50: Rmtr. | D50: =(2840/12)/18*4*3.28 -> 172.5037 | F50: . | G50: width=0.60m | H50: 7-296
A51: 44 | B51: Plane GI sheet 26 (H) 0.41 mm thick plane | C51: Sqm. | D51: =13024/18.62 -> 699.46294 | F51: . | H51: 7-290
A52: 45 | B52: Plane GI sheet 26 (M) 0.37 mm thick plane | C52: Sqm. | D52: =10650/18.62 -> 571.96563 | F52: . | H52: 7-291 | J52: 21
A53: 46 | B53: Plane GI sheet 26 (L) 0.35 mm thick plane | C53: Sqm. | D53: =8265/18.62 -> 443.87755 | F53: .
A54: 47 | B54: Chain Link 2"x2" mesh (10 SWG G. I.) | C54: Sqm. | D54: . | F54: .
A55: 48 | B55: Chapra paint | C55: Kg. | D55: 904 | F55: =D55+E55 -> 904 | H55: 13-492
A56: 49 | B56: Chattai | C56: Sqm. | D56: 142 | F56: =D56+E56 -> 142 | H56: 8-312
A57: 50 | B57: Clay tile | C57: No. | D57: 2.407 | F57: =D57+E57 -> 2.407 | H57: 7-208
A58: 51 | B58: Clay tile ridge cover | C58: No. | D58: =4814/1000 -> 4.814 | F58: =D58+E58 -> 4.814 | H58: 7-209
A59: 52 | B59: Clip | C59: no | D59: 10 | F59: =D59+E59 -> 10 | H59: 7-305
A60: 53 | B60: Collapsible gate (40kg/sqm) | C60: Sqm. | D60: =185*40 -> 7400 | F60: =D60+E60 -> 7400 | H60: 6-222
A61: 54 | B61: Collection bag(jute) | C61: Nos. | D61: 22 | F61: =D61+E61 -> 22 | H61: 25-993
A62: 55 | B62: Crystallization seal | C62: Sqm.
A63: 56 | B63: Damp proof grade tarfelt (1mx20m)=1 Role | C63: Sqm. | D63: =1776/20 -> 88.8 | F63: =D63+E63 -> 88.8 | H63: 8-313
A64: 57 | B64: Diesel | C64: Ltr. | D64: =149/1.13 -> 131.85841 | F64: =D64+E64 -> 131.85841 | G64: 143.5/1.13 | H64: DATE 2080/03/31 | L64: =1800-1685 -> 115
A65: 58 | B65: Distemper Primer | C65: Ltr. | D65: 173 | F65: =D65+E65 -> 173 | L65: =L64/1685 -> 0.068249258
A66: 59 | B66: Distemper Dry powder/ liquid | C66: Kg. | D66: 220 | F66: =D66+E66 -> 220 | H66: 13-484 (fy2079-2080))
A67: 60 | B67: Door spring | C67: No. | D67: 303 | F67: =D67+E67 -> 303 | H67: 10-332
A68: 61 | B68: Dori | C68: Kg. | D68: 121 | F68: =D68+E68 -> 121 | H68: 25-988
A69: 62 | B69: Enamel Paint | C69: Ltr. | D69: 400 | F69: =D69+E69 -> 400 | H69: 13-487
A70: 63 | B70: Enamel Primer | C70: Ltr. | D70: 400 | F70: =D70+E70 -> 400 | H70: 13-488
A71: 64 | B71: Engineer | C71: Nos.
A72: 65 | B72: Expansion joint materials | C72: Sqm.
A73: 66 | B73: Expended metal | C73: Sqm. | D73: 86 | H73: ktm
A74: 67 | B74: Fiber glass 2.0 mm thick corgated | C74: Sqm. | D74: =10.76*196 -> 2108.96 | F74: =D74+E74 -> 2108.96 | H74: 7-269
A75: 68 | B75: Fiber glass 1.20 mm thick ridge cover (0.60m width) | C75: Rmtr. | D75: =(139*10.76)/0.6 -> 2492.7333 | F75: =D75+E75 -> 2492.7333 | G75: width=0.60m | H75: 7-267
A76: 69 | B76: Fire wood (kukath) | C76: Kg. | D76: 8 | F76: =D76+E76 -> 8 | H76: makawanpu districk rate 2080-2081 (11-85.1)
A77: 70 | B77: Flooring stone 37mm thick | C77: Sqm.
A78: 71 | B78: G. I. plane sheet Gutter 0.50mm thick | C78: Rmtr. | F78: =D78+E78 -> 0
A79: 72 | B79: G. I.Colour plane sheet Gutter 0.50mm thick | C79: Rmtr. | F79: =D79+E79 -> 0
A80: 73 | B80: Gavion wire commercial | C80: Kg. | D80: 110 | F80: =D80+E80 -> 110 | H80: 6-251
A81: 74 | B81: Gavion wire Heavy coated | C81: Kg. | D81: 120 | F81: =D81+E81 -> 120 | H81: 6-252
A82: 75 | B82: Gavion wire Light coated | C82: Kg. | D82: 115 | F82: =D82+E82 -> 115 | H82: 6-253
A83: 76 | B83: Gavion wire Medium coated | C83: Kg. | D83: 115 | F83: =D83+E83 -> 115 | H83: 6-254
A84: 77 | B84: GI plane sheet 26 gauge 0.41 | C84: Sqm.
A85: 78 | B85: Glass 3 mm thick-Plane | C85: Sqm. | D85: 1213 | F85: =D85+E85 -> 1213 | H85: 8-329
A86: 79 | B86: Glass 4 mm thick-Plane | C86: Sqm. | D86: 1378 | F86: =D86+E86 -> 1378 | H86: 8-330
A87: 80 | B87: Glass 6 mm thick-Plane | C87: Sqm. | D87: 1488 | F87: =D87+E87 -> 1488 | H87: 8-331
A88: 81 | B88: Gobar | C88: Kg. | D88: 2 | F88: =D88+E88 -> 2
A89: 82 | B89: Gravel (sand mixed) | C89: Cum. | D89: 1430 | F89: =D89+E89 -> 1430 | G89: *** | H89: 5-171
A90: 83 | B90: Granite 12-14 mm thick | C90: Sqm.
A91: 84 | B91: Gum | C91: Kg. | D91: 194 | F91: =D91+E91 -> 194 | H91: 13-499
A92: 85 | B92: Handle | C92: No. | D92: 83 | F92: =D92+E92 -> 83 | H92: 10-388
A93: 86 | B93: Helper | C93: Nos.
A94: 87 | B94: Hinge 75 mm | C94: No. | D94: 44 | F94: =D94+E94 -> 44 | H94: 9-378
A95: 88 | B95: Hinge 100 mm | C95: No. | D95: 66 | F95: =D95+E95 -> 66 | H95: 9-379
A96: 89 | B96: Hinge 150 mm | C96: No. | D96: 77 | F96: =D96+E96 -> 77 | H96: 10-380
A97: 90 | B97: Hold fast | C97: No. | D97: =132/5 -> 26.4 | F97: =D97+E97 -> 26.4 | G97: 1kg=4nos | H97: 9-365
A98: 91 | B98: Hydraulic Excavetor 0.35 Cum. | C98: Hour | D98: 4005 | F98: =D98+E98 -> 4005 | H98: 1-22
A99: 92 | B99: Hydraulic Excavetor 0.63 Cum. | C99: Hour | D99: =D98 -> 4005 | F99: =D99+E99 -> 4005 | H99: 1-22
A100: 93 | B100: Hydraulic Excavetor 0.80 Cum. | C100: Hour | D100: =D99 -> 4005 | F100: =D100+E100 -> 4005 | H100: 1-22
...

Sheet Rate Analysis
A1: A - SITE PREPARATION WORK
A3: 1.01 | B3: A1 (1-1A) | C3: Cutting of tree, branch & log etc. (12-30 cm. girth above 1.00 mtr. From G.L.) with lead upto 15 mtr. | F3: Nos. | G3: =G6 -> 113.1 | H3: =G8 -> 130.06
B4: Resources | C4: Level/Type | D4: Quantity | E4: Unit | F4: Rate | G4: Amount | H4: Remarks
B5: Labour | C5: Unskilled | D5: 0.13 | E5: Nos. | F5: ='LABOUR 2082083'!F3 -> 870 | G5: =TRUNC(D5*F5,2) -> 113.1
B6: Rate analysis for : 1.00 No. | D6: Total | G6: =SUM(G5:G5) -> 113.1
D7: 15 % Contractor overhead | G7: =TRUNC(G6*15%,2) -> 16.96
D8: Grand Total | G8: =SUM(G6:G7) -> 130.06
A11: 1.02 | B11: A1 (1-1B) | C11: Cutting of tree, branch & log etc. (31-60 cm. girth above 1.00 mtr. From G.L.) with lead upto 15 mtr. | F11: Nos. | G11: =G14 -> 339.3 | H11: =G16 -> 390.19
B12: Resources | C12: Level/Type | D12: Quantity | E12: Unit | F12: Rate | G12: Amount | H12: Remarks
B13: Labour | C13: Unskilled | D13: 0.39 | E13: Nos. | F13: 870 | G13: =TRUNC(D13*F13,2) -> 339.3
B14: Rate analysis for : 1.00 No. | D14: Total | G14: =SUM(G13:G13) -> 339.3
D15: 15 % Contractor overhead | G15: =TRUNC(G14*15%,2) -> 50.89
D16: Grand Total | G16: =SUM(G14:G15) -> 390.19
A18: 1.03 | B18: A1 (1-1C) | C18: Cutting of tree, branch & log etc. (61-120 cm. girth above 1.00 mtr. From G.L.) with lead upto 15 mtr. | F18: Nos. | G18: =G21 -> 852.6 | H18: =G23 -> 980.49
B19: Resources | C19: Level/Type | D19: Quantity | E19: Unit | F19: Rate | G19: Amount | H19: Remarks
B20: Labour | C20: Unskilled | D20: 0.98 | E20: Nos. | F20: ='LABOUR 2082083'!F3 -> 870 | G20: =TRUNC(D20*F20,2) -> 852.6
B21: Rate analysis for : 1.00 No. | D21: Total | G21: =SUM(G20:G20) -> 852.6
D22: 15 % Contractor overhead | G22: =TRUNC(G21*15%,2) -> 127.89
D23: Grand Total | G23: =SUM(G21:G22) -> 980.49
A25: 1.04 | B25: A2 (1-2A) | C25: Removing of tree root (12-30 cm. girth above 1.00 mtr. From G.L.) with lead upto 15 mtr. | F25: Nos. | G25: =G28 -> 348 | H25: =G30 -> 400.2
B26: Resources | C26: Level/Type | D26: Quantity | E26: Unit | F26: Rate | G26: Amount | H26: Remarks
B27: Labour | C27: Unskilled | D27: 0.4 | E27: Nos. | F27: ='LABOUR 2082083'!F3 -> 870 | G27: =TRUNC(D27*F27,2) -> 348
B28: Rate analysis for : 1.00 No. | D28: Total | G28: =SUM(G27:G27) -> 348
D29: 15 % Contractor overhead | G29: =TRUNC(G28*15%,2) -> 52.2
D30: Grand Total | G30: =SUM(G28:G29) -> 400.2
A32: 1.05 | B32: A2 (1-2B) | C32: Removing of tree root (31-60 cm. girth above 1.00 mtr. From G.L.) with lead upto 15 mtr. | F32: Nos. | G32: =G35 -> 376.3 | H32: =G37 -> 432.74
B33: Resources | C33: Level/Type | D33: Quantity | E33: Unit | F33: Rate | G33: Amount | H33: Remarks
B34: Labour | C34: Unskilled | D34: 0.53 | E34: Nos. | F34: ='LABOUR 2082083'!F11 -> 710 | G34: =TRUNC(D34*F34,2) -> 376.3
B35: Rate analysis for : 1.00 No. | D35: Total | G35: =SUM(G34:G34) -> 376.3
D36: 15 % Contractor overhead | G36: =TRUNC(G35*15%,2) -> 56.44
D37: Grand Total | G37: =SUM(G35:G36) -> 432.74
A39: 1.06 | B39: A2 (1-2C) | C39: Removing of tree root (61-120 cm. girth above 1.00 mtr. From G.L.) with lead upto 15 mtr. | F39: Nos. | G39: =G42 -> 2192.4 | H39: =G44 -> 2521.26
B40: Resources | C40: Level/Type | D40: Quantity | E40: Unit | F40: Rate | G40: Amount | H40: Remarks
B41: Labour | C41: Unskilled | D41: 2.52 | E41: Nos. | F41: ='LABOUR 2082083'!F3 -> 870 | G41: =TRUNC(D41*F41,2) -> 2192.4
B42: Rate analysis for : 1.00 No. | D42: Total | G42: =SUM(G41:G41) -> 2192.4
D43: 15 % Contractor overhead | G43: =TRUNC(G42*15%,2) -> 328.86
D44: Grand Total | G44: =SUM(G42:G43) -> 2521.26
A47: 1.07 | B47: A3 | C47: Cutting of grass, taking of root & cutting of raised soil & site leveling with all complete | F47: Sqm. | G47: =TRUNC(G50/10,2) -> 20.01 | H47: =TRUNC(G52/10,2) -> 23.01
B48: Resources | C48: Level/Type | D48: Quantity | E48: Unit | F48: Rate | G48: Amount | H48: Remarks
B49: Labour | C49: Unskilled | D49: 0.23 | E49: Nos. | F49: ='LABOUR 2082083'!F3 -> 870 | G49: =TRUNC(D49*F49,2) -> 200.1
B50: Rate analysis for : 10.00 Sqm. | D50: Total | G50: =SUM(G49:G49) -> 200.1
D51: 15 % Contractor overhead | G51: =TRUNC(G50*15%,2) -> 30.01
D52: Grand Total | G52: =SUM(G50:G51) -> 230.11
A55: 1.08 | B55: A4 | C55: Site Clearence cutting& removing the herbs, levelling the surface ETC before the construction work as per instruction & specification complete work | F55: sqm. | G55: =G58 -> 8.7 | H55: =G60 -> 10
B56: Resources | C56: Level/Type | D56: Quantity | E56: Unit | F56: Rate | G56: Amount | H56: Remarks
B57: Labour | C57: Unskilled | D57: 0.01 | E57: Nos. | F57: ='LABOUR 2082083'!F3 -> 870 | G57: =TRUNC(D57*F57,2) -> 8.7
B58: Rate analysis for : 1.00 Sqm. | D58: Total | G58: =SUM(G57:G57) -> 8.7
D59: 15 % Contractor overhead | G59: =TRUNC(G58*15%,2) -> 1.3
D60: Grand Total | G60: =SUM(G58:G59) -> 10
A62: 1.09 | B62: A7 | C62: Soil test, digging bor hole,sample collection & testing all complete. | F62: Nos. | G62: =G72 -> 44270 | H62: =G74 -> 50910.5
B63: Resources | C63: Level/Type | D63: Quantity | E63: Unit | F63: Rate | G63: Amount | H63: Remarks
B64: Labour | C64: Skilled | D64: 1 | E64: Nos. | F64: =LOOKUP(C64,'Basic Rate'!$B$8:$B$328,'Basic Rate'!$F$8:$F$328) -> 1200 | G64: =TRUNC(D64*F64,2) -> 1200
C65: Unskilled | D65: 2 | E65: Nos. | F65: =LOOKUP(C65,'Basic Rate'!$B$8:$B$328,'Basic Rate'!$F$8:$F$328) -> 870 | G65: =TRUNC(D65*F65,2) -> 1740
C66: Engineer | D66: 4 | E66: Nos. | F66: ='Basic Rate'!F71 -> 0 | G66: =TRUNC(D66*F66,2) -> 0
C67: Helper | D67: 1 | E67: Nos. | F67: =LOOKUP(C67,'Basic Rate'!$B$8:$B$328,'Basic Rate'!$F$8:$F$328) -> 0 | G67: =TRUNC(D67*F67,2) -> 0
C68: Collection bag | D68: 15 | E68: Nos. | F68: ='Basic Rate'!F61 -> 22 | G68: =TRUNC(D68*F68,2) -> 330
C69: Lab equipment:-(Sieve Analyusis, Hydrometer Analysis, Atterberg's Limit, Specific Gravity, Natural Moisture Content, Direct Shear Test, Unconfined Compression Test, Conlolidation Test, Conducting SPT at 1.5m interval using auto trip hammer syster including collection of samples, sealing etc, Retrieving undisturbed samples for consolidation and shear strength tests for per BH. | D69: 1 | E69: L.S | F69: 20000 | G69: =TRUNC(D69*F69,2) -> 20000 | H69: L.S.
C70: Assistant lab equipment with agar ( ls 2000.00 per hr.) | D70: 8 | E70: Hour | F70: 2000 | G70: =TRUNC(D70*F70,2) -> 16000
C71: Report, writing & submission | D71: 1 | E71: Nos. | F71: 5000 | G71: =TRUNC(D71*F71,2) -> 5000
B72: Rate analysis for : 1.00 Nos. | D72: Total | G72: =SUM(G64:G71) -> 44270
D73: 15 % Contractor overhead | G73: =TRUNC(G72*15%,2) -> 6640.5
D74: Grand Total | G74: =SUM(G72:G73) -> 50910.5
A76: B - EARTH & SAND WORK
A78: 2.01 | B78: B1 (2-1) | C78: Earthwork in excavation in medium type soils in foundation including 10m hauling distance and 1.5 m. lift manually all complete in approval of site engineer. | F78: Cum. | G78: =G82 -> 627.27 | H78: =G84 -> 721.36
B79: Resources | C79: Level/Type | D79: Quantity | E79: Unit | F79: Rate | G79: Amount | H79: Remarks
B80: Labour | C80: Unskilled | D80: 0.7 | E80: Nos. | F80: ='LABOUR 2082083'!F3 -> 870 | G80: =TRUNC(D80*F80,2) -> 609
B81: Materials | C81: T & P | D81: 3 % of labour | G81: =TRUNC(G80*3%,2) -> 18.27
B82: Rate analysis for : 1.00 Cum. | D82: Total | G82: =SUM(G80:G81) -> 627.27
D83: 15 % Contractor overhead | G83: =TRUNC(G82*15%,2) -> 94.09
D84: Grand Total | G84: =SUM(G82:G83) -> 721.36
A86: 2.02 | B86: B1 (2-2) | C86: Earthwork in excavation in gravel type soils in foundation including 10m hauling distance and 1.5 m. lift manually all complete in approval of site engineer. | F86: Cum. | G86: =G90 -> 716.88 | H86: =G92 -> 824.41
B87: Resources | C87: Level/Type | D87: Quantity | E87: Unit | F87: Rate | G87: Amount | H87: Remarks
B88: Labour | C88: Unskilled | D88: 0.8 | E88: Nos. | F88: ='LABOUR 2082083'!F3 -> 870 | G88: =TRUNC(D88*F88,2) -> 696
B89: Materials | C89: T & P | D89: 3 % of labour | G89: =TRUNC(G88*3%,2) -> 20.88
B90: Rate analysis for : 1.00 Cum. | D90: Total | G90: =SUM(G88:G89) -> 716.88
D91: 15 % Contractor overhead | G91: =TRUNC(G90*15%,2) -> 107.53
D92: Grand Total | G92: =SUM(G90:G91) -> 824.41
A95: 2.03 | B95: B2 (2-25A) | C95: Earth filling work in every 15-15 cm. layer with watering & lead upto 1o.00 mtr. & proper manual compaction. | F95: Cum. | G95: =G98 -> 435 | H95: =G100 -> 500.25
B96: Resources | C96: Level/Type | D96: Quantity | E96: Unit | F96: Rate | G96: Amount | H96: Remarks
B97: Labour | C97: Unskilled | D97: 0.5 | E97: Nos. | F97: ='LABOUR 2082083'!F3 -> 870 | G97: =TRUNC(D97*F97,2) -> 435
B98: Rate analysis for : 1.00 Cum. | D98: Total | G98: =SUM(G97:G97) -> 435
D99: 15 % Contractor overhead | G99: =TRUNC(G98*15%,2) -> 65.25
D100: Grand Total | G100: =SUM(G98:G99) -> 500.25
A103: 2.04 | B103: B2 (2-25A) | C103: Earth filling (Earth transported from 5 Km. surrounding) work in every 15-15 cm. layer with watering & proper manual compaction. | F103: Cum. | G103: =G108 -> 1035 | H103: =G110 -> 1190.25
B104: Resources | C104: Level/Type | D104: Quantity | E104: Unit | F104: Rate | G104: Amount | H104: Remarks
B105: Labour | C105: Unskilled | D105: 0.5 | E105: Nos. | F105: ='LABOUR 2082083'!F3 -> 870 | G105: =TRUNC(D105*F105,2) -> 435 | J105: =G105 -> 435
B106: Materials | C106: Mud | D106: 1.5 | E106: Cum. | F106: ='Basic Rate'!F132 -> 400 | G106: =TRUNC(D106*F106,2) -> 600 | I106: 350 | J106: =I106*D106 -> 525
C107: Water | D107: 5 | E107: Ltr. | F107: ='Basic Rate'!F215 -> 0 | G107: =INT(D107*F107*100)/100 -> 0 | J107: =G107 -> 0
B108: Rate analysis for : 1.00 Cum. | D108: Total | G108: =SUM(G105:G107) -> 1035
D109: 15 % Contractor overhead | G109: =TRUNC(G108*15%,2) -> 155.25
D110: Grand Total | G110: =SUM(G108:G109) -> 1190.25
A112: 2.05 | B112: B2 (2-25B) | C112: Earth filling work in every 15-15 cm. layer without watering & proper manual compaction. | F112: Cum. | G112: =G115 -> 217.5 | H112: =G117 -> 250.12
B113: Resources | C113: Level/Type | D113: Quantity | E113: Unit | F113: Rate | G113: Amount | H113: Remarks
B114: Labour | C114: Unskilled | D114: 0.25 | E114: Nos. | F114: ='LABOUR 2082083'!F3 -> 870 | G114: =TRUNC(D114*F114,2) -> 217.5
B115: Rate analysis for : 1.00 Cum. | D115: Total | G115: =SUM(G114:G114) -> 217.5
D116: 15 % Contractor overhead | G116: =TRUNC(G115*15%,2) -> 32.62
D117: Grand Total | G117: =SUM(G115:G116) -> 250.12
A119: 2.06 | B119: B2 (2-25B) | C119: Earth filling (Earth transported from 5 Km. surrounding) work in every 15-15 cm. layer without watering & proper manual compaction. | F119: Cum. | G119: =G123 -> 737.5 | H119: =G125 -> 848.12
B120: Resources | C120: Level/Type | D120: Quantity | E120: Unit | F120: Rate | G120: Amount | H120: Remarks
B121: Labour | C121: Unskilled | D121: 0.25 | E121: Nos. | F121: ='LABOUR 2082083'!F3 -> 870 | G121: =TRUNC(D121*F121,2) -> 217.5
...

Sheet LABOUR 2082083
A2: सि.न | B2: कामदारको विवरण | C2: इकाई | F2: आ.व.०८२०८३ | G2: कैफियत
A3: 1 | B3: HofdL | C3: b}lgs | D3: 600 | E3: 650 | F3: 870
A4: 2 | B4: el/of | C4: b}lgs | D4: 600 | E4: 650 | F4: =F3 -> 870
A5: 3 | B5: l;kfn' sfdbf/-l;sdL{,8sdL{,gsdL{,ah|sdL{, lrq sf/,KnDa/,On]S6«Ll;og,d]s]lgs,Anfi6/, j]N8/_ | C5: b}lgs | D5: 860 | E5: 940 | F5: 1200
A6: 4 | B6: cw{ l;kfn' sfdbf/-l;sdL{,8sdL{,gsdL{, ah|sdL{, lrqsf/,KnDa/, On]S6«Ll;og,d]s]lgs, Anfi6/, j]N8/_ | C6: b}lgs | D6: 735 | E6: 800 | F6: 940
A7: 5 | B7: ;j]{ x]Nk/ | C7: b}lgs | D7: 600 | E7: 800 | F7: 675
A8: 6 | B8: SofDk js{/ | C8: b}lgs | D8: 600 | E8: 800
A9: 7 | B9: SofDk js{/ -gfkL sfo{sf] nflu_ | C9: b}lgs | D9: 625 | E9: 800
A10: 8 | B10: kfn] rf}sLbf/ | C10: b}lgs | D10: 580 | E10: 650 | F10: 710
A11: 9 | B11: d]:t/ | C11: b}lgs | D11: 370 | E11: 450 | F11: 710
A12: 10 | B12: h+hL/bf/ | C12: b}lgs | D12: 630 | E12: 800 | F12: -
A13: 11 | B13: ;'k/efOh/ ;fwf/0f | C13: b}lgs | D13: 400 | E13: 650
A14: 12 | B14: ;8s lgdf{0fsf] nflu ;'k/efO{h/ | C14: b}lgs | D14: 450 | E14: 650
A15: 13 | B15: ;'k/efOh/ -lgdf{0f sfo{sf] nflu_ | C15: b}lgs | D15: 550 | E15: 650
A16: 14 | B16: ;'k/efOh/, lkmN8 cl;:6}06, u}h l/8/, ;}Dkn/ -vl/bf/ ;/x k|fljlws_ | C16: b}lgs | D16: 550 | E16: 800
A17: 15 | B17: ;'k/efOh/ tflnd k|fKt, gf=;' ;/x | C17: b}lgs | D17: 600 | E17: 800 | F17: 1100
A18: 16 | B18: cf}iflw 5g]{ -:k|]o/ _ | C18: b}lgs | D18: 525 | E18: 650
A19: 17 | B19: kmf]/d}g -cf}iflw 5g]{_ | C19: b}lgs | D19: 575 | E19: 650
A20: 18 | B20: ;8s sfnf]kq] ug]{ HofdL | C20: b}lgs | D20: 600 | E20: 800
A21: 19 | B21: sDKo"6/ ck/]6/ -gf=;'= :t/_ | C21: b}lgs | D21: 630 | E21: 800
A22: 20 | B22: sDKo"6/ ck/]6/ -vl/bf/ :t/_ | C22: b}lgs | D22: 550 | E22: 650
A23: 21 | B23: 8«fOe/ -x]eL ;jf/L rfns_ | C23: b}lgs | D23: 600 | E23: 800
A24: 22 | B24: 8«fOe/ -xn'sf ;jf/L rfns_ | C24: b}lgs | D24: 565 | E24: 650
A25: 23 | B25: O{l~hlgo/ -clws[t :t/_ | C25: b}lgs | D25: 1000 | E25: 1100
A26: 24 | B26: ;j—O{l~hlgo/, h]=l6 -gf=;'= :t/_ | C26: b}lgs | D26: 750 | E26: 800 | H26: =800*1.1 -> 880
A27: 25 | B27: c=;a–O{lGhgLo/÷6fOlki6÷h]=l6=P –vl/bf/ :t/ | C27: b}lgs | D27: 680 | E27: 700
A28: 19 | B28: g;{/L gfO{s]÷jg x]/fn' | C28: b}lgs | D28: 525 | E28: 650
A29: 27 | B29: ljleGg ;fOhsf] tf/hfnL–nf]8 ug]{ jf cgnf]8 ug]{ | C29: uf]6f | D29: 11 | E29: 12
A30: 28 | B30: ljleGg u]hsf] tf/–nf]8 ug]{ jf cgnf]8 ug]{ | C30: k|lt %) s]=hL= | D30: 11 | E30: 12
A31: 29 | B31: lhof] a}u–nf]8 ug]{ jf cgnf]8 ug]{ | C31: k|lt !))) yfg | D31: 125 | E31: 125
A32: 30 | B32: gfO{ng qm]6–nf]8 ug]{ jf cgnf]8 ug]{ | C32: uf]6f | D32: 11 | E32: 12
A34: gf]6 M– | B34: !_ o; afx]s cGo kbx?df egf{ u/L Hofnfbf/Ldf sfd nufpFbf h'g kbdf sfd u/fpg] xf], ;f] kbdf g]kfn ;/sf/n] lgwf{/0f u/]sf] z'? tna :s]nnfO{ @% n] efu ubf{ cfpg] /sdnfO b}lgs Hofnf sfod ug]{
B35: @_ sfdbf/sf] sfd ug]{ ;do lbgsf] * 306f x'g]5 .
B36: #_ el/ofn] ! lbgdf $) s]=hL=;Dd ef/L af]sL $ sf]if b"/L ;Dd to ug{' kg]{5 .
B37: $_ lgwf{/0f ul/Psf] b//]6df d"No clej[l4 s/ ;dfj]z ul/Psf] 5}g .

Sheet Aluminium Door-Windows
A1: ='Basic Rate'!A1:H1 -> GOVERNMENT OF NEPAL
A2: ='Basic Rate'!A2:H2 -> RAINAS MUNICIPALITY
A3: ='Basic Rate'!A3:H3 -> OFFICE OF THE MUNICIPAL EXECUTIVE
A4: ='Basic Rate'!A4:H4 -> TINPIPLE,LAMJUNG
A5: ='Basic Rate'!A5:H5 -> 0
A6: Aluminium Door and Window
A8: DISTRICT : RAUTAHAT | G8: F / Y : 2078/79
A9: S. No. | B9: Description | C9: Unit | D9: District Rate | E9: Transportation @ 3 % | F9: Rate | G9: Remark | H9: rate code
A10: 1 | B10: Alluminium fixed panel window With ventilation but without fly mesh shutter from section( 88mmx38.1mm x1.3mm , Glass 5mm) | C10: Sqm. | D10: REF | F10: =D10+E10 -> #VALUE! | G10: Parsa | L10: =484*10.76 -> 5207.84
A11: 2 | B11: Alluminium fixed panel window With Ventilation with fly mesh shutter from section(88mmx38.1mm x1.3mm , Glass 5mm ) | C11: Sqm. | D11: REF | F11: =D11+E11 -> #VALUE! | G11: Parsa
A12: 3 | B12: Alluminium framed Sliding window Without ventilator ( Aluminium :- Natural anodised 101mmx45mm x1.50mm , Glass 5mm clear) | C12: Sqm. | D12: REF | F12: =D12+E12 -> #VALUE! | G12: Parsa
A13: 4 | B13: Alluminium framed Sliding window With ventilator ( Aluminium :- Natural anodised 101mmx45mm x1.5mm , Glass 5mm clear) | C13: Sqm. | D13: REF | F13: =D13+E13 -> #VALUE! | G13: Parsa | K13: =5649/10.76 -> 525
A14: 5 | B14: Alluminium framed Sliding Door ( Aluminium :- Natural anodised 101mmx45mm x1.5mm ,) with sash 40*45*1.5mm and 5mm glass | C14: Sqm. | D14: REF | F14: =D14+E14 -> #VALUE! | G14: Parsa
A15: 6 | B15: Casement double panel aluminium window With ventilator section of ( 54mmx33mm x1.5)mm with sash 38*34*1.5mm with Glass 5mm | C15: Sqm. | D15: REF | F15: =D15+E15 -> #VALUE! | G15: Parsa
A16: 7 | B16: Alluminium Casement Door section of ( 101mmx45mm x1.1)mm sash 40*45*1.1mm & Glass 5mm | C16: Sqm. | D16: REF | F16: =D16+E16 -> #VALUE! | G16: Parsa
A17: 8 | B17: Alluminium framed Swing Door section of (101mmx45mm x1.5)mm & Glass 5mm clear | C17: Sqm. | D17: REF | F17: =D17+E17 -> #VALUE! | G17: Parsa
A18: 9 | B18: Alluminium framed Sliding window 2 track section of (88mmx38mm x1.5)mm & Glass 5mm | C18: Sqm. | D18: REF | F18: =D18+E18 -> #VALUE! | G18: Parsa
A19: 10 | B19: Alluminium fixed window and partition with fixed ventilator from 9mm bord and section (101mmx45mm x1.5)mm | C19: Sqm. | D19: REF | F19: =D19+E19 -> #VALUE! | G19: Parsa
A20: 11 | B20: Alluminium partition with 5mm thick glass & 9mm thick laminated bord of section (101mmx45mm x1.5)mm | C20: Sqm. | D20: REF | F20: =D20+E20 -> #VALUE! | G20: Parsa
A21: 12 | B21: Alluminium partition with 5mm thick glass & 9mm thick laminated bord of section (64mmx38mm x1.1)mm | C21: Sqm. | D21: REF | F21: =D21+E21 -> #VALUE! | G21: Parsa
A22: 13 | B22: False ceiling by Gypsum, Gypsum board 12.5 mm With providing,finisging og joint with compound & tape all complete | C22: Sqm. | D22: REF | F22: =D22+E22 -> #VALUE! | G22: Parsa
A23: 14 | B23: Alluminium fixed panel window With ventilation but without fly mesh shutter from section( 78mmx38.1mm x1.1mm , Glass 4.75 -5mm | C23: Sqm. | D23: REF | F23: =D23+E23 -> #VALUE! | L23: =484*10.76 -> 5207.84
A24: 15 | B24: Alluminium fixed panel window With ventilation but without fly mesh shutter from section( 88mmx38.1mm x1.3mm , Glass 4.75-5mm) | C24: Sqm. | D24: REF | F24: =D24+E24 -> #VALUE! | L24: =484*10.76 -> 5207.84
A25: 16 | B25: Alluminium fixed panel window With Ventilation with fly mesh shutter from section(88mmx38.1mm x1.3mm , Glass 4.75-5mm ) | C25: Sqm. | D25: REF | F25: =D25+E25 -> #VALUE! | L25: =484*10.76 -> 5207.84
A26: 17 | B26: Alluminium framed Sliding window Without ventilator ( Aluminium :- Natural anodised 101mmx45mm x1.50mm , Glass 4.75-5mm clear) | C26: Sqm. | D26: REF | F26: =D26+E26 -> #VALUE! | L26: =484*10.76 -> 5207.84
B27: Pre-cast Structure
B28: 2 Inch Pre stress precast concrete toilet wall and ceiling panel | D28: 523
B29: Pre stress precast concrete benches | D29: 7600
B30: Pre stress precast concrete compound wall | D30: 285
B31: Pre stress precast concrete fencing pole (4"*4") | D31: 133
B32: Pre stress precast concrete fencing pole (5"*5") | D32: 152

Sheet Add Analysis
A1: 8.23 | B1: H21(11-21) | C1: 20 mm thick Sal wood planking work with 50x75 mm sal wood frame in 600x600 mm | F1: Sqm. | G1: =TRUNC(G7/10,2) -> 5312.41 | H1: =TRUNC(G9/10,2) -> 6109.27
B2: Resources | C2: Level/Type | D2: Quantity | E2: Unit | F2: Rate | G2: Amount | H2: Remarks
B3: Labour | C3: Skilled | D3: 6.5 | E3: Nos. | F3: =LOOKUP(C3,'Basic Rate'!$B$8:$B$328,'Basic Rate'!$F$8:$F$328) -> 1200 | G3: =TRUNC(D3*F3,2) -> 7800
C4: Unskilled | D4: 0.65 | E4: Nos. | F4: =LOOKUP(C4,'Basic Rate'!$B$8:$B$328,'Basic Rate'!$F$8:$F$328) -> 870 | G4: =TRUNC(D4*F4,2) -> 565.5
B5: Materials | C5: Wood Sal | D5: =0.421/2 -> 0.2105 | E5: Cum. | F5: =LOOKUP(C5,'Basic Rate'!$B$8:$B$328,'Basic Rate'!$F$8:$F$328) -> 211680 | G5: =TRUNC(D5*F5,2) -> 44558.64
C6: Killa | G6: 200
B7: Rate analysis for :10.00 Sqm. | D7: Total | G7: =SUM(G3:G6) -> 53124.14
D8: 15 % Contractor overhead | G8: =INT(15%*G7*100)/100 -> 7968.62
D9: Grand Total | G9: =SUM(G7:G8) -> 61092.76
A11: 3.18 | B11: C10( 6-5) | C11: Stone filling in trench with proper leveling (Ex.Boulder Used) | F11: Cum. | G11: =G16 -> 1305 | H11: =G18 -> 1500.75
B12: Resources | C12: Level/Type | D12: Quantity | E12: Unit | F12: Rate | G12: Amount | H12: Remarks
B13: Labour | C13: Unskilled | D13: 1.5 | E13: Nos. | F13: =LOOKUP(C13,'Basic Rate'!$B$8:$B$328,'Basic Rate'!$F$8:$F$328) -> 870 | G13: =TRUNC(D13*F13,2) -> 1305
B14: Materials | C14: Stone block | D14: 0 | E14: Cum. | F14: =LOOKUP(C14,'Basic Rate'!$B$8:$B$328,'Basic Rate'!$F$8:$F$328) -> 1910 | G14: =TRUNC(D14*F14,2) -> 0
C15: Stone bond | D15: 0 | E15: Cum. | F15: =LOOKUP(C15,'Basic Rate'!$B$8:$B$328,'Basic Rate'!$F$8:$F$328) -> 1810 | G15: =TRUNC(D15*F15,2) -> 0
B16: Rate analysis for : 1.00 Cum. | D16: Total | G16: =SUM(G13:G15) -> 1305
D17: 15 % Contractor overhead | G17: =INT(15%*G16*100)/100 -> 195.75
D18: Grand Total | G18: =SUM(G16:G17) -> 1500.75
A19: t= Uoflaogsf] sfd
A20: P1 | C20: Gabion making work with wire cutting,weaving,Hexagonal mess size: 80x100mm,mess wire 10 swg selwage wire 9swg,Gabion box (3.0x1.0x0.5 ) & Gabion fixing wearing all complete work. | F20: Per Box | G20: =G28 -> #VALUE! | H20: =G30 -> #VALUE!
B21: Resources | C21: Level/Type | D21: Quantity | E21: Unit | F21: Rate | G21: Amount | H21: Remarks
B22: Labour | C22: Skilled | D22: 0.45 | E22: Nos. | F22: =LOOKUP(C22,'Basic Rate'!$B$8:$B$328,'Basic Rate'!$F$8:$F$328) -> 1200 | G22: =TRUNC(D22*F22,2) -> 540
C23: Unskilled | D23: 0.2 | E23: Nos. | F23: =LOOKUP(C23,'Basic Rate'!$B$8:$B$328,'Basic Rate'!$F$8:$F$328) -> 870 | G23: =TRUNC(D23*F23,2) -> 174
C24: Unskilled | D24: 0.3 | E24: Nos. | F24: =LOOKUP(C24,'Basic Rate'!$B$8:$B$328,'Basic Rate'!$F$8:$F$328) -> 870 | G24: =TRUNC(D24*F24,2) -> 261
B25: Materials | C25: Gavion wire commercial | D25: 30.6 | E25: kgs | F25: ` | G25: =TRUNC(D25*F25,2) -> #VALUE!
C26: Selwage wire 9swg | D26: 3.9 | E26: kgs | F26: 90.64 | G26: =TRUNC(D26*F26,2) -> 353.49
C27: Binding wire 11swg | D27: 1.2 | E27: kgs | F27: 90.64 | G27: =TRUNC(D27*F27,2) -> 108.76
B28: Rate analysis for :10.00 Sqm. | D28: Total | G28: =SUM(G22:G27) -> #VALUE!
D29: 15 % Contractor overhead | G29: =INT(15%*G28*100)/100 -> #VALUE!
D30: Grand Total | G30: =SUM(G28:G29) -> #VALUE!
C32: Supplying & filling of Boulder in Gabion box (3.0x1.0x0.5 ) & Gabion fixing wearing all complete work. | F32: cum | G32: =G37 -> 2345 | H32: =G39 -> 2696.75
B33: Resources | C33: Level/Type | D33: Quantity | E33: Unit | F33: Rate | G33: Amount | H33: Remarks
B34: Labour | C34: Skilled | E34: Nos. | F34: =LOOKUP(C34,'Basic Rate'!$B$8:$B$328,'Basic Rate'!$F$8:$F$328) -> 1200 | G34: =TRUNC(D34*F34,2) -> 0
C35: Unskilled | D35: 0.5 | E35: Nos. | F35: =LOOKUP(C35,'Basic Rate'!$B$8:$B$328,'Basic Rate'!$F$8:$F$328) -> 870 | G35: =TRUNC(D35*F35,2) -> 435
B36: Materials | C36: Stone block | D36: 1 | E36: cum | F36: =LOOKUP(C36,'Basic Rate'!$B$8:$B$328,'Basic Rate'!$F$8:$F$328) -> 1910 | G36: =TRUNC(D36*F36,2) -> 1910
B37: Rate analysis for :10.00 Sqm. | D37: Total | G37: =SUM(G34:G36) -> 2345
D38: 15 % Contractor overhead | G38: =INT(15%*G37*100)/100 -> 351.75
D39: Grand Total | G39: =SUM(G37:G38) -> 2696.75
A40: P1 | C40: u]laog agfpg] sfd . tf/ sf6\g], a'Gg] sfd cflb ;d]t if6sf]0fLo . d]; ;fO{h *) ld=ld=x !)) ld=ld=, d]; tf/ ( P;=8An'=lh=, ;]nj]h tf/ ^ P;=8An'=lh=
C41: @ ld=x ! ld= x ! ld= afs; | D41: k|lt afs; | E41: l;kfn' | F41: ;+Vof | G41: )=%)) | H41: lh=cfO{=tf/
E42: HofdL | F42: ;+Vof | G42: )=@)) | H42: ;]nj]h tf/
C43: # ld=x ! ld= x ! ld= afs; | D43: k|lt afs; | E43: l;kfn' | F43: ;+Vof | G43: )=&)) | H43: lh=cfO{ tf/
E44: HofdL | F44: ;+Vof | G44: )=@*) | H44: ;]nj]h tf/
C45: @ ld=x ! ld= x )=% ld= afs; | D45: k|lt afs; | E45: l;kfn' | F45: ;+Vof | G45: )=#%) | H45: lh=cfO{ tf/
E46: HofdL | F46: ;+Vof | G46: )=!$) | H46: ;]nj]h tf/
C47: # ld=x ! ld= x )=% ld= afs; | D47: k|lt afs; | E47: l;kfn' | F47: ;+Vof | G47: )=%)) | H47: lh=cfO{ tf/
E48: HofdL | F48: ;+Vof | G48: )=@)) | H48: ;]nj]h tf/
C49: @ ld=x ! ld= x )=# ld= afs; | D49: k|lt afs; | E49: l;kfn' | F49: ;+Vof | G49: )=@() | H49: lh=cfO{ tf/
E50: HofdL | F50: ;+Vof | G50: )=!@) | H50: ;]nj]h tf/
C51: # ld=x ! ld= x )=# ld= afs; | D51: k|lt afs; | E51: l;kfn' | F51: ;+Vof | G51: )=$@) | H51: lh=cfO{ tf/
E52: HofdL | F52: ;+Vof | G52: )=!&) | H52: ;]nj]h tf/
A53: P2 | C53: u]laog agfpg] sfd . tf/ sf6\g], a'Gg] sfd cflb ;d]t if6sf]0fLo . d]; ;fOh !)) ld=ld=x !@) ld=ld=, d]; tf/ ( P;=8An'=lh=, ;]nj]h tf/ ^ P;=8An'=lh=
C54: @ ld=x ! ld= x ! ld= afs; | D54: k|lt afs; | E54: l;kfn' | F54: ;+Vof | G54: )=$%) | H54: lh=cfO{ tf/
E55: HofdL | F55: ;+Vof | G55: )=@)) | H55: ;]nj]h tf/
C56: # ld=x ! ld= x ! ld= afs; | D56: k|lt afs; | E56: l;kfn' | F56: ;+Vof | G56: )=^#) | H56: lh=cfO{ tf/
E57: HofdL | F57: ;+Vof | G57: )=@*) | H57: ;]nj]h tf/
C58: @ ld=x ! ld= x )=% ld= afs; | D58: k|lt afs; | E58: l;kfn' | F58: ;+Vof | G58: )=#@) | H58: lh=cfO{ tf/
E59: HofdL | F59: ;+Vof | G59: )=!$) | H59: ;]nj]h tf/
C60: # ld=x ! ld= x )=% ld= afs; | D60: k|lt afs; | E60: l;kfn' | F60: ;+Vof | G60: )=$%) | H60: lh=cfO{ tf/
E61: HofdL | F61: ;+Vof | G61: )=@)) | H61: ;]nj]h tf/
C62: @ ld=x ! ld= x )=# ld= afs; | D62: k|lt afs; | E62: l;kfn' | F62: ;+Vof | G62: )=@^) | H62: lh=cfO{ tf/
E63: HofdL | F63: ;+Vof | G63: )=!@) | H63: ;]nj]h tf/
C64: # ld=x ! ld= x )=# ld= afs; | D64: k|lt afs; | E64: l;kfn' | F64: ;+Vof | G64: )=#&) | H64: lh=cfO{ tf/
E65: HofdL | F65: ;+Vof | G65: )=!&) | H65: ;]nj]h tf/
A66: P3 | C66: u]leog lgdf{0f ug]{ sfd 7fp“df /fVg], tGsfpg], tf/åf/f u]leog af“Wg] / dflyaf6 aGb ug]{ ;d]t af“Wg] tf/ !! P;=8An'=lh=
C67: @ ld=x ! ld= x ! ld= afs; | D67: k|lt afs; | E67: HofdL | F67: ;+Vof | G67: )=$)) | H67: af+Wg] tf/
C69: # ld=x ! ld= x ! ld= afs; | D69: k|lt afs; | E69: HofdL | F69: ;+Vof | G69: )=^)) | H69: af+Wg] tf/
C71: @ ld=x ! ld= x )=% ld= afs; | D71: k|lt afs; | E71: HofdL | F71: ;+Vof | G71: )=@)) | H71: af+Wg] tf/
C73: # ld=x ! ld= x )=% ld= afs; | D73: k|lt afs; | E73: HofdL | F73: ;+Vof | G73: )=#)) | H73: af+Wg] tf/
C75: @ ld=x ! ld= x )=# ld= afs; | D75: k|lt afs; | E75: HofdL | F75: ;+Vof | G75: )=!@) | H75: af+Wg] tf/
C77: # ld=x ! ld= x )=# ld= afs; | D77: k|lt afs; | E77: HofdL | F77: ;+Vof | G77: )=!*) | H77: af+Wg] tf/
A79: P4 | C79: u]leog œfm]6df 9'·f eg]{ sfd . | D79: 3=ld= | E79: HofdL | F79: ;+Vof | G79: )=%)) | H79: 9'·f
A81: 13.1 | B81: M9(24-6) | C81: fixing of existing Barbed wire 14 gauge including hooks, nails etc | F81: Rmtr. | G81: =TRUNC(G87/100,2) -> 60.21 | H81: =TRUNC(G89/100,2) -> 69.25
B82: Resources | C82: Level/Type | D82: Quantity | E82: Unit | F82: Rate | G82: Amount | H82: Remarks
B83: Labours | C83: Skilled | D83: 1.076 | E83: Nos. | F83: =LOOKUP(C83,'Basic Rate'!$B$8:$B$328,'Basic Rate'!$F$8:$F$328) -> 1200 | G83: =INT(D83*F83*100)/100 -> 1291.2
C84: Unskilled | D84: 5.38 | E84: Nos. | F84: =LOOKUP(C84,'Basic Rate'!$B$8:$B$328,'Basic Rate'!$F$8:$F$328) -> 870 | G84: =INT(D84*F84*100)/100 -> 4680.6
B85: Material | C85: Barbed wire 14 gauge | E85: Rmtr. | F85: =LOOKUP(C85,'Basic Rate'!$B$8:$B$328,'Basic Rate'!$F$8:$F$328) -> 19 | G85: =INT(D85*F85*100)/100 -> 0
C86: U-nail, killa etc | D86: L. S. | G86: 50
B87: Rate analysis for :100.00 Rmtr. | D87: Total | G87: =SUM(G83:G86) -> 6021.8
D88: 15 % Contractor overhead | G88: =INT(15%*G87*100)/100 -> 903.27
D89: Grand Total | G89: =SUM(G87:G88) -> 6925.07
A90: t= Uoflaogsf] sfd
A91: 16 | B91: 9-kha | C91: Gabion making work with wire cutting,weaving,Square mess size: 150x150mm,mess wire 10 swg selwage wire 9swg,Gabion box (3.0x1.5x0.75 ) & Gabion fixing wearing all complete work. | F91: Per Box | G91: =G96 -> 2974 | H91: =G98 -> 3420.1
B92: Resources | C92: Level/Type | D92: Quantity | E92: Unit | F92: Rate | G92: Amount | H92: Remarks
B93: Labour | C93: Skilled | D93: 0.5 | E93: Nos. | F93: =LOOKUP(C93,'Basic Rate'!$B$8:$B$328,'Basic Rate'!$F$8:$F$328) -> 1200 | G93: =TRUNC(D93*F93,2) -> 600
C94: Unskilled | D94: 0.2 | E94: Nos. | F94: =LOOKUP(C94,'Basic Rate'!$B$8:$B$328,'Basic Rate'!$F$8:$F$328) -> 870 | G94: =TRUNC(D94*F94,2) -> 174
B95: Materials | C95: Gavion wire commercial | D95: 20 | E95: kgs | F95: =LOOKUP(C95,'Basic Rate'!$B$8:$B$328,'Basic Rate'!$F$8:$F$328) -> 110 | G95: =TRUNC(D95*F95,2) -> 2200
B96: Rate analysis for :10.00 Sqm. | D96: Total | G96: =SUM(G93:G95) -> 2974
D97: 15 % Contractor overhead | G97: =INT(15%*G96*100)/100 -> 446.1
D98: Grand Total | G98: =SUM(G96:G97) -> 3420.1
C100: Supplying & filling of Boulder in Gabion box (3.0x1.5x0.75 ) & Gabion fixing wearing all complete work. | F100: cum | G100: =G105 -> 2345 | H100: =G107 -> 2696.75
B101: Resources | C101: Level/Type | D101: Quantity | E101: Unit | F101: Rate | G101: Amount | H101: Remarks
B102: Labour | C102: Skilled | E102: Nos. | F102: =LOOKUP(C102,'Basic Rate'!$B$8:$B$328,'Basic Rate'!$F$8:$F$328) -> 1200 | G102: =TRUNC(D102*F102,2) -> 0
C103: Unskilled | D103: 0.5 | E103: Nos. | F103: =LOOKUP(C103,'Basic Rate'!$B$8:$B$328,'Basic Rate'!$F$8:$F$328) -> 870 | G103: =TRUNC(D103*F103,2) -> 435
B104: Materials | C104: Stone block | D104: 1 | E104: cum | F104: =LOOKUP(C104,'Basic Rate'!$B$8:$B$328,'Basic Rate'!$F$8:$F$328) -> 1910 | G104: =TRUNC(D104*F104,2) -> 1910
B105: Rate analysis for :10.00 Sqm. | D105: Total | G105: =SUM(G102:G104) -> 2345
D106: 15 % Contractor overhead | G106: =INT(15%*G105*100)/100 -> 351.75
D107: Grand Total | G107: =SUM(G105:G106) -> 2696.75
A108: P1 | C108: u]laog agfpg] sfd . tf/ sf6\g], a'Gg] sfd cflb ;d]t if6sf]0fLo . d]; ;fO{h *) ld=ld=x !)) ld=ld=, d]; tf/ ( P;=8An'=lh=, ;]nj]h tf/ ^ P;=8An'=lh=
C109: @ ld=x ! ld= x ! ld= afs; | D109: k|lt afs; | E109: l;kfn' | F109: ;+Vof | G109: )=%)) | H109: lh=cfO{=tf/
E110: HofdL | F110: ;+Vof | G110: )=@)) | H110: ;]nj]h tf/
...

Sheet LM Collection
C2: Nurms used in this is derieved from DoLIDAR used for Trail bridge
A4: 220 | B4: Local Material Collection
A5: 221 | B5: Chisel Dressed Stones per m3
B6: Labour
B7: Collection and Dressing | C7: Skilled | D7: md | E7: 8 | F7: ='[6]Input Sheet'!#REF! -> #REF! | G7: =E7*F7 -> #REF!
C8: Unskilled | D8: md | E8: 3 | F8: ='[6]Input Sheet'!#REF! -> #REF! | G8: =E8*F8 -> #REF!
B9: Transportation | C9: Tractor ( 17.5qtlX12kmX1.2Rs) | D9: m3 | E9: 1 | G9: =E9*F9 -> 0
B10: Cost per m3 for collecting and chisel dressing stones | G10: =SUM(G7:G9) -> #REF!
A11: 222 | B11: Hammer Dressed Stone per m3
B12: Labour
B13: Collection and Dressing | C13: Skilled | D13: md | E13: 4 | F13: =F7 -> #REF! | G13: =E13*F13 -> #REF!
C14: Unskilled | D14: md | E14: 3 | F14: =F8 -> #REF! | G14: =E14*F14 -> #REF!
B15: Transportation | C15: Tractor ( 17.5qtlX12kmX1.2Rs) | D15: m3 | E15: 1 | G15: =E15*F15 -> 0
B16: Cost per m3 for collecting and hammer dressing stones | G16: =SUM(G13:G15) -> #REF!
A17: 223 | B17: Broken Stones per m3
B18: Labour
B19: Collection and breaking | C19: Unskilled | D19: md | E19: 5 | F19: 480 | G19: =E19*F19 -> 2400
B20: Transportation | C20: Truck (1truck=m3) | D20: m3 | E20: 1 | G20: =E20*F20 -> 0
B21: Cost per m3 for collecting and breaking stones | G21: =SUM(G19:G20) -> 2400
A23: 1 Apply District Rates
A26: COST ESTIMATE: | G26: Rate Analysis (page 3)
A28: Description | D28: Unit | E28: Unit Quantity | F28: Rate1 | G28: Unit Cost
A29: 224 | B29: Sand pe m3
B30: Labour | C30: Unskilled | D30: md | E30: 3 | F30: =F8 -> #REF! | G30: =E30*F30 -> #REF!
B31: Transportation | C31: Tractor ( 17.5qtlX60kmX1.2Rs) | D31: m3 | E31: 1 | G31: =E31*F31 -> 0
B32: Cost per m3 for collecting and hauling sand | G32: =SUM(G30:G31) -> #REF!
A33: 225 | B33: Gravel (Broken)
B34: Labour Breaking of gravel | C34: Unskilled | D34: md | E34: 7 | F34: =F8 -> #REF! | G34: =E34*F34 -> #REF!
B35: Transportation | C35: Truck (1truck=m3) | D35: m3 | E35: 1 | G35: =E35*F35 -> 0
B36: Cost per m3 for breaking gravel | G36: =SUM(G34:G35) -> #REF!

Sheet Cover1
A1: g]kfn ;/sf/
A2: zx/L ljsf; dGqfno
A3: zx/L ljsf; tyf ejg lgdf{0f ljefu
A4: ;+3Lo cfof]hgf sfof{Gjog OsfO{
A5: hgsk'/wfd, wg'iff
A6: b/ ljZn]if0f, wg'iff
A8: l;len
A11: cf=j= @)&*÷)&(
A13: tof/ ug]{ M–
A15: r]s hfFr ug]{ M–
A18: k|dfl0ft ug]{ M–
A21: ldlt M–

Sheet add
A1: 15.03 | B1: O3(15-9A) | C1: sub base laying work with sand mixed gravel, load unload & proper levelling. | F1: Sqm. | G1: =TRUNC(G5,2) -> 2474 | H1: =TRUNC(G7,2) -> 2845.1
B2: Resources | C2: Level/Type | D2: Quantity | E2: Unit | F2: Rate | G2: Amount | H2: Remarks
B3: Labours | C3: Unskilled | D3: 1.2 | E3: Nos. | F3: =LOOKUP(C3,'Basic Rate'!$B$8:$B$328,'Basic Rate'!$F$8:$F$328) -> 870 | G3: =INT(D3*F3*100)/100 -> 1044
B4: Material | C4: Sand mixed gravel | D4: 1 | E4: Cum. | F4: =LOOKUP(C4,'Basic Rate'!$B$8:$B$328,'Basic Rate'!$F$8:$F$328) -> 1430 | G4: =INT(D4*F4*100)/100 -> 1430
B5: Rate analysis for : 1.00Cum | D5: Total | G5: =SUM(G3:G4) -> 2474
D6: 15 % Contractor overhead | G6: =INT(15%*G5*100)/100 -> 371.1
D7: Grand Total | G7: =SUM(G5:G6) -> 2845.1
A11: 4.03 | B11: D1(7-2D) | C11: P.C.C. (1:2:4) Plum supply of matarials hulage distance all complete. work in foundation, wall (River bed) | F11: Cum. | G11: =G19 -> 11167.7 | H11: =G21 -> 12842.85
B12: Resources | C12: Level/Type | D12: Quantity | E12: Unit | F12: Rate | G12: Amount | H12: Remarks
B13: Labour | C13: Skilled | D13: 0.5 | E13: Nos. | F13: =LOOKUP(C13,'Basic Rate'!$B$8:$B$328,'Basic Rate'!$F$8:$F$328) -> 1200 | G13: =TRUNC(D13*F13,2) -> 600
C14: Unskilled | D14: 4 | E14: Nos. | F14: =LOOKUP(C14,'Basic Rate'!$B$8:$B$328,'Basic Rate'!$F$8:$F$328) -> 870 | G14: =TRUNC(D14*F14,2) -> 3480
B15: Materials | C15: Cement | D15: 0.32 | E15: M.T. | F15: =LOOKUP(C15,'Basic Rate'!$B$8:$B$328,'Basic Rate'!$F$8:$F$328) -> 14000 | G15: =TRUNC(D15*F15,2) -> 4480 | I15: =320/50 -> 6.4
C16: Aggrigate 40 mm-River bed & Stone block | D16: 0.89 | E16: Cum. | F16: =LOOKUP(C16,'Basic Rate'!$B$8:$B$328,'Basic Rate'!$F$8:$F$328) -> 1830 | G16: =TRUNC(D16*F16,2) -> 1628.7
C17: Sand | D17: 0.445 | E17: Cum. | F17: ='Basic Rate'!F173 -> 2200 | G17: =TRUNC(D17*F17,2) -> 979
C18: Water | D18: 150 | E18: Ltr. | F18: =LOOKUP(C18,'Basic Rate'!$B$8:$B$328,'Basic Rate'!$F$8:$F$328) -> 0 | G18: =TRUNC(D18*F18,2) -> 0
B19: Rate analysis for : 1.00 Cum. | D19: Total | G19: =SUM(G13:G18) -> 11167.7
D20: 15 % Contractor overhead | G20: =INT(15%*G19*100)/100 -> 1675.15
D21: Grand Total | G21: =SUM(G19:G20) -> 12842.85

Sheet HDP,Pipe,Rate
A4: Price List of HDPE Pipe
A6: F.Y. : 078/79
A8: S.No. | B8: Pipe size (Outer side Ø mm) | C8: Series II 2.5Kg/sqcm | E8: Series III 4Kg/sqcm | G8: Series IV 6Kg/sqcm | I8: Series V 10Kg/sqcm | K8: Contractor Rate | L8: Pipe size (Outer side Ø mm)
C9: Ave.Wt. kg/m | D9: Price Rs./m | E9: Ave.Wt. kg/m | F9: Price Rs./m | G9: Ave.Wt. kg/m | H9: Price Rs./m | I9: Ave.Wt. kg/m | J9: Price Rs./m
A10: 1 | B10: 16mm | C10: – | D10: – | E10: – | F10: – | G10: – | H10: – | I10: 0.092 | J10: =I10*$D$40*1.04 -> 28.89536 | K10: =J10*0.15+J10 -> 33.229664 | L10: 1/2"
A11: 2 | B11: 20mm | C11: – | D11: – | E11: – | F11: – | G11: – | H11: – | I11: 0.134 | J11: =I11*$D$40*1.04 -> 42.08672 | K11: =J11*0.15+J11 -> 48.399728 | L11: 3/4"
A12: 3 | B12: 25mm | C12: – | D12: – | E12: – | F12: – | G12: – | H12: – | I12: 0.202 | J12: =I12*$D$40*1.04 -> 63.44416 | K12: =J12*0.15+J12 -> 72.960784 | L12: 1"
A13: 4 | B13: 32mm | C13: – | D13: – | E13: – | F13: – | G13: 0.226 | H13: =G13*260*1.04 -> 61.1104 | I13: 0.334 | J13: =I13*$D$40*1.04 -> 104.90272 | K13: =J13*0.15+J13 -> 120.63813 | L13: 1-1/4"
A14: 5 | B14: 40mm | C14: – | D14: – | E14: 0.251 | F14: =E14*260*1.04 -> 67.8704 | G14: 0.35 | H14: =G14*260 -> 91 | I14: 0.514 | J14: =I14*$D$40*1.04 -> 161.43712 | K14: =J14*0.15+J14 -> 185.65269 | L14: 1-1/2"
A15: 6 | B15: 50mm | C15: – | D15: – | E15: 0.378 | F15: =E15*260*1.04 -> 102.2112 | G15: 0.542 | H15: =G15*260 -> 140.92 | I15: 0.796 | J15: =I15*$D$40*1.04 -> 250.00768 | K15: =J15*0.15+J15 -> 287.50883 | L15: 2"
A16: 7 | B16: 63mm | C16: 0.403 | D16: =C16*260*1.04 -> 108.9712 | E16: 0.585 | F16: =E16*260*1.04 -> 158.184 | G16: 0.85 | H16: =G16*260 -> 221 | I16: 1.269 | J16: =I16*$D$40*1.04 -> 398.56752 | K16: =J16*0.15+J16 -> 458.35265 | L16: 2-1/2"
A17: 8 | B17: 75mm | C17: 0.557 | D17: =C17*260*1.04 -> 150.6128 | E17: 0.846 | F17: =E17*260*1.04 -> 228.7584 | G17: 1.191 | H17: =G17*260 -> 309.66 | I17: 1.782 | J17: =I17*$D$40*1.04 -> 559.69056 | K17: =J17*0.15+J17 -> 643.64414 | L17: 3"
A18: 9 | B18: 90mm | C18: 0.799 | D18: =C18*260*1.04 -> 216.0496 | E18: 1.22 | F18: =E18*260*1.04 -> 329.888 | G18: 1.715 | H18: =G18*260 -> 445.9 | I18: 2.568 | J18: =I18*$D$40*1.04 -> 806.55744 | K18: =J18*0.15+J18 -> 927.54106 | L18: 3-1/2"
A19: 10 | B19: 110mm | C19: 1.185 | D19: =C19*260*1.04 -> 320.424 | E19: 1.703 | F19: =E19*260*1.04 -> 460.4912 | G19: 2.545 | H19: =G19*260 -> 661.7 | I19: 3.801 | J19: =I19*$D$40*1.04 -> 1193.8181 | K19: =J19*0.15+J19 -> 1372.8908 | L19: 4"
A20: 11 | B20: 125mm | C20: 1.53 | D20: =C20*260*1.04 -> 413.712 | E20: 2.289 | F20: =E20*260*1.04 -> 618.9456 | G20: 3.293 | H20: =G20*260 -> 856.18 | I20: 4.962 | J20: =I20*$D$40*1.04 -> 1558.465 | K20: =J20*0.15+J20 -> 1792.2347 | L20: 4-1/2"
A21: 12 | B21: 140mm | C21: 1.897 | D21: =C21*260*1.04 -> 512.9488 | E21: 2.901 | F21: =E21*260*1.04 -> 784.4304 | G21: 4.15 | H21: =G21*260 -> 1079 | I21: 6.209 | J21: =I21*$D$40*1.04 -> 1950.1227 | K21: =J21*0.15+J21 -> 2242.6411 | L21: 5"
A22: 13 | B22: 160mm | C22: 2.453 | D22: =C22*260*1.04 -> 663.2912 | E22: 3.773 | F22: =E22*260*1.04 -> 1020.2192 | G22: 5.355 | H22: =G22*260 -> 1392.3 | I22: 8.079 | J22: =I22*$D$40*1.04 -> 2537.4523 | K22: =J22*0.15+J22 -> 2918.0702 | L22: 6"
A23: 14 | B23: 180mm | C23: 3.148 | D23: =C23*260*1.04 -> 851.2192 | E23: 4.762 | F23: =E23*260*1.04 -> 1287.6448 | G23: 6.8 | H23: =G23*260 -> 1768 | I23: 10.256 | J23: =I23*$D$40*1.04 -> 3221.2045 | K23: =J23*0.15+J23 -> 3704.3852 | L23: 7"
A24: 15 | B24: 200mm | C24: 3.876 | D24: =C24*260*1.04 -> 1048.0704 | E24: 5.89 | F24: =E24*260*1.04 -> 1592.656 | G24: 8.391 | H24: =G24*260 -> 2181.66 | I24: 12.62 | J24: =I24*$D$40*1.04 -> 3963.6896 | K24: =J24*0.15+J24 -> 4558.243 | L24: 8"
A25: 16 | B25: 225mm | C25: 4.822 | D25: =C25*260*1.04 -> 1303.8688 | E25: 7.445 | F25: =E25*260*1.04 -> 2013.128 | G25: 10.544 | H25: =G25*260 -> 2741.44 | I25: 16.014 | J25: =I25*$D$40*1.04 -> 5029.6771 | K25: =J25*0.15+J25 -> 5784.1287 | L25: 9"
A26: 17 | B26: 250mm | C26: 6.012 | D26: =C26*260*1.04 -> 1625.6448 | E26: 9.187 | F26: =E26*260*1.04 -> 2484.1648 | G26: 13.041 | H26: =G26*260 -> 3390.66 | I26: 19.757 | J26: =I26*$D$40*1.04 -> 6205.2786 | K26: =J26*0.15+J26 -> 7136.0703 | L26: 10"
A27: 18 | B27: 280mm | C27: 7.417 | D27: =C27*260*1.04 -> 2005.5568 | E27: 11.455 | F27: =E27*260*1.04 -> 3097.432 | G27: 16.327 | H27: =G27*260 -> 4245.02 | I27: 24.708 | J27: =I27*$D$40*1.04 -> 7760.2886 | K27: =J27*0.15+J27 -> 8924.3319 | L27: 11"
... A30: 21 | B30: 400mm | C30: 15.221 | D30: =C30*260*1.04 -> 4115.7584 | E30: 23.343 | F30: =E30*260*1.04 -> 6311.9472 | G30: 33.309 | H30: =G30*260 -> 8660.34 | I30: 50.344 | J30: =I30*$D$40*1.04 -> 15812.044 | K30: =J30*0.15+J30 -> 18183.85 | L30: 400mm
A34: Notes :
A35: 1 | B35: Prices are based on ex–factory.
A36: 2 | B36: The above value include all GOV. Taxes except VAT which will be charged extra 13 %
A37: 3 | B37: All pipes are manufactured as NS–40
A38: 4 | B38: Rate of HDPE Pipes Based on Rs. 302.00 Per Kg.
A39: 5 | B39: Add 3% Transportation Charge.
B40: HDPE Rate per kg | D40: 302

Sheet Sheet1

Sheet aluminium dw
A1: =cover!A1 -> GOVERNMENT OF NEPAL
A2: =cover!A2 -> RAINAS MUNICIPALITY
A3: =cover!A3 -> OFFICE OF THE MUNICIPAL EXECUTIVE
A4: =cover!A4 -> TINPIPLE,LAMJUNG
A5: =cover!A5 -> 0
A6: Aluminium Door and Window
A7: DISTRICT : BARA | G7: =Summary!E6 -> F / Y : 2082/083
A8: S. No. | B8: Description | C8: Unit | D8: District Rate | E8: Transportation @ 3 % | F8: Rate | G8: Remark
A9: 1 | B9: Providing and fixing Single Panel Casement (Hinged) Door of aluminium section in natural or color anodized/powder coated color Section size (102x45x1.5 mm) fitted with 5 mm clear glass or 9 mm both side laminated board (excluding the cost of handle and door closer). | C9: Sqm. | D9: =689*10.76 -> 7413.64 | F9: =D9+E9 -> 7413.64 | G9: ktm pg-32(1) 102 series window
A10: 2 | B10: Providing and fixing Double Panel Casement (Hinged) Door of aluminium section in natural or color anodized/powder coated color Section size (102x45x1.5 mm) fitted with 5 mm clear glass or 9 mm both side laminated board (excluding the cost of handle and door closer). | C10: Sqm. | D10: =759*10.76 -> 8166.84 | F10: =D10+E10 -> 8166.84 | G10: ktm pg-32(2) 102 series window
A11: 3 | B11: Providing and fixing Single Panel Swing Door of aluminium section in natural or color anodized/powder coated color Section size (102x45x1.5 mm) fitted with 5 mm clear glass or 9 mm both side laminated board (excluding the cost of handle and door closer). | C11: Sqm. | D11: =877*10.76 -> 9436.52 | F11: =D11+E11 -> 9436.52 | G11: ktm pg-32(3) 102 series window
A12: 4 | B12: Providing and fixing Double Panel Swing Door of aluminium section in natural or color anodized/powder coated color Section size (102x45x1.5 mm) fitted with 5 mm clear glass or 9 mm both side laminated board (excluding the cost of handle and door closer). | C12: Sqm. | D12: =966*10.76 -> 10394.16 | F12: =D12+E12 -> 10394.16 | G12: ktm pg-32(4) 102 series window
A13: 5 | B13: Providing and fixing 2 or 3 Panel Sliding Window of aluminium section in naturally anodized or Black anodized/powder coaded color, Section size (87x56x1.2) fitted with 5 mm clear glass without fly mesh shutter.(window size 6'x5' or average area 30 sq. feet per window). | C13: Sqm. | D13: =550*10.76 -> 5918 | F13: =D13+E13 -> 5918 | G13: ktm pg-32(1) 90 series window
A14: 6 | B14: Providing and fixing 2 or 3 Panel Sliding Window of aluminium section in naturally anodized or Black anodized/powder coaded color, Section size (87x56x1.5) fitted with 5 mm clear glass without fly mesh shutter.(window size 6'x5' or average area 30 sq. feet per window). | C14: Sqm. | D14: =634*10.76 -> 6821.84 | F14: =D14+E14 -> 6821.84 | G14: ktm pg-33(2) 90 series window
A15: 7 | B15: Providing and fixing 2 or 3 Panel Sliding Window with top fix glass of aluminium section in naturally anodized or Black anodized/powder coated color, Section size (87x56x1.20) fitted with 5 mm clear glass without fly mesh shutter.(window size 6'x5' or average area 30 sq. feet per window). | C15: Sqm. | D15: =599*10.76 -> 6445.24 | F15: =D15+E15 -> 6445.24 | G15: ktm pg-33(3) 90 series window
A16: 8 | B16: Providing and fixing 2 or 3 Panel Sliding Window with top fix glass of aluminium section in naturally anodized or Black anodized/powder coated color, Section size (87x56x1.50) fitted with 5 mm clear glass without fly mesh shutter.(window size 6'x5' or average area 30 sq. feet per window). | C16: Sqm. | D16: =690*10.76 -> 7424.4 | F16: =D16+E16 -> 7424.4 | G16: ktm pg-33(4) 90 series window
A17: 9 | B17: Providing and fixing Fixed Window of aluminium section in naturally anodized or Black anodized/powder coated color, Section size (87x25+12x1.20) fitted with 5 mm clear glass without fly mesh shutter.(Average area 5 sq. feet per Panel). | C17: Sqm. | D17: =456*10.76 -> 4906.56 | F17: =D17+E17 -> 4906.56 | G17: ktm pg-33(5) 90 series window
A18: 10 | B18: Providing and fixing Fixed Window of aluminium section in naturally anodized or Black anodized/powder coated color, Section size (87x25+12x1.50) fitted with 5 mm clear glass with out fly mesh shutter.(Average area 5 sq. feet per Panel). | C18: Sqm. | D18: =524*10.76 -> 5638.24 | F18: =D18+E18 -> 5638.24 | G18: ktm pg-33(6) 90 series window
A19: 11 | B19: Providing and fixing Fly Mesh Shutter with stainless steel fly mesh in 90 series for sliding window.(Section thickness 1 mm) | C19: Sqm. | D19: =200*10.76 -> 2152 | F19: =D19+E19 -> 2152 | G19: ktm pg-33(7) 90 series window
A20: 12 | B20: Providing and fixing Full Height Partition of aluminium section in naturally anodized or black anodized/powder coated color section size (102x45x1.5) fitted with 5 mm clear glass or 9 mm both side laminated board.(average panel area 8.00 Sq.ft) | C20: Sqm. | D20: =553*10.76 -> 5950.28 | F20: =D20+E20 -> 5950.28 | G20: ktm pg-33(1) 102 series partition
A21: 13 | B21: Providing and fixing Half Height Partition of aluminium section in naturally anodized or black anodized/powder coated color section size (102x45x1.5) fitted with 5 mm clear glass or 9 mm both side laminated board.(average panel area 6.00 Sq.ft) | C21: Sqm. | D21: =600*10.76 -> 6456 | F21: =D21+E21 -> 6456 | G21: ktm pg-33(2) 102 series partition
A22: 14 | B22: Providing and fixing Full Height Partition of aluminium section in naturally anodized or black anodized/powder coated color section size (64x38x1.10mm) fitted with 5 mm clear glass or 9 mm both side laminated board.(average panel area 8.00 Sq.ft) | C22: Sqm. | D22: =415*10.76 -> 4465.4 | F22: =D22+E22 -> 4465.4 | G22: ktm pg-33(1) 64 series partition
A23: 15 | B23: Providing and fixing Half Height Partition of aluminium section in naturally anodized or black anodized/powder coated color section size (64x38x1.10mm) fitted with 5 mm clear glass or 9 mm both side laminated board.(average panel area 6.00 Sq.ft) | C23: Sqm. | D23: =509*10.76 -> 5476.84 | F23: =D23+E23 -> 5476.84 | G23: ktm pg-33(2) 64 series partition
A24: 16 | B24: False ceiling by Gypsum, Gypsum board 12 mm With providing,finisging og joint with compound & tape all complete | C24: Sqm. | D24: 1400 | F24: =D24+E24 -> 1400 | G24: 10-412
